Datetime,Open,High,Low,Close,Adj Close,Volume
2021-11-30 09:30:00-05:00,,,,,,
2021-12-01 09:30:00-05:00,79.55000305175781,79.55000305175781,79.16000366210938,79.20999908447266,79.20999908447266,53144.0
2021-12-01 09:35:00-05:00,79.19000244140625,79.69999694824219,79.1500015258789,79.62999725341797,79.62999725341797,30044.0
2021-12-01 09:40:00-05:00,79.66000366210938,79.98999786376953,79.4000015258789,79.44000244140625,79.44000244140625,30064.0
2021-12-01 09:45:00-05:00,79.46990203857422,79.5999984741211,79.22000122070312,79.40499877929688,79.40499877929688,390582.0
2021-12-01 09:50:00-05:00,79.43000030517578,79.7300033569336,79.27860260009766,79.44499969482422,79.44499969482422,35166.0
2021-12-01 09:55:00-05:00,79.48999786376953,79.83000183105469,79.48999786376953,79.58999633789062,79.58999633789062,21619.0
2021-12-01 10:00:00-05:00,79.63500213623047,79.9000015258789,79.63500213623047,79.86000061035156,79.86000061035156,50262.0
2021-12-01 10:05:00-05:00,79.82499694824219,80.05000305175781,79.82499694824219,80.0,80.0,17721.0
2021-12-01 10:10:00-05:00,79.95999908447266,80.2300033569336,79.91000366210938,80.2300033569336,80.2300033569336,54959.0
2021-12-01 10:15:00-05:00,80.20999908447266,80.25,80.0199966430664,80.08000183105469,80.08000183105469,27793.0
2021-12-01 10:20:00-05:00,80.04000091552734,80.22000122070312,80.04000091552734,80.16000366210938,80.16000366210938,21461.0
2021-12-01 10:25:00-05:00,80.0999984741211,80.1050033569336,79.91999816894531,80.0199966430664,80.0199966430664,9675.0
2021-12-01 10:30:00-05:00,80.02999877929688,80.12000274658203,79.91999816894531,79.9749984741211,79.9749984741211,56831.0
2021-12-01 10:35:00-05:00,79.9749984741211,79.9749984741211,79.69999694824219,79.72000122070312,79.72000122070312,17743.0
2021-12-01 10:40:00-05:00,79.73999786376953,79.9000015258789,79.63999938964844,79.83000183105469,79.83000183105469,17201.0
2021-12-01 10:45:00-05:00,79.86000061035156,79.91999816894531,79.69999694824219,79.81999969482422,79.81999969482422,15788.0
2021-12-01 10:50:00-05:00,79.8499984741211,79.94999694824219,79.8324966430664,79.91999816894531,79.91999816894531,14706.0
2021-12-01 10:55:00-05:00,79.91999816894531,80.0,79.79000091552734,79.79000091552734,79.79000091552734,18900.0
2021-12-01 11:00:00-05:00,79.77999877929688,79.97000122070312,79.72000122070312,79.83000183105469,79.83000183105469,18090.0
2021-12-01 11:05:00-05:00,79.8499984741211,79.94000244140625,79.8499984741211,79.87000274658203,79.87000274658203,11436.0
2021-12-01 11:10:00-05:00,79.86000061035156,80.11000061035156,79.8550033569336,80.08000183105469,80.08000183105469,32122.0
2021-12-01 11:15:00-05:00,80.08999633789062,80.3499984741211,80.08999633789062,80.1500015258789,80.1500015258789,30247.0
2021-12-01 11:20:00-05:00,80.16999816894531,80.37000274658203,80.16000366210938,80.18000030517578,80.18000030517578,36028.0
2021-12-01 11:25:00-05:00,80.18000030517578,80.41000366210938,80.18000030517578,80.27999877929688,80.27999877929688,38758.0
2021-12-01 11:30:00-05:00,80.2699966430664,80.32499694824219,80.08000183105469,80.23999786376953,80.23999786376953,33953.0
2021-12-01 11:35:00-05:00,80.27999877929688,80.45999908447266,80.19999694824219,80.3499984741211,80.3499984741211,19838.0
2021-12-01 11:40:00-05:00,80.31999969482422,80.3499984741211,80.20999908447266,80.20999908447266,80.20999908447266,12498.0
2021-12-01 11:45:00-05:00,80.23519897460938,80.23519897460938,80.16999816894531,80.2249984741211,80.2249984741211,25079.0
2021-12-01 11:50:00-05:00,80.20999908447266,80.30999755859375,80.18000030517578,80.20999908447266,80.20999908447266,15525.0
2021-12-01 11:55:00-05:00,80.20999908447266,80.36499786376953,80.18000030517578,80.29000091552734,80.29000091552734,12618.0
2021-12-01 12:00:00-05:00,80.31999969482422,80.31999969482422,80.18000030517578,80.2300033569336,80.2300033569336,16903.0
2021-12-01 12:05:00-05:00,80.23829650878906,80.2699966430664,80.20999908447266,80.2300033569336,80.2300033569336,7912.0
2021-12-01 12:10:00-05:00,80.2300033569336,80.4000015258789,80.2300033569336,80.37000274658203,80.37000274658203,10976.0
2021-12-01 12:15:00-05:00,80.41999816894531,80.43000030517578,80.3499984741211,80.42500305175781,80.42500305175781,6488.0
2021-12-01 12:20:00-05:00,80.44000244140625,80.45999908447266,80.31999969482422,80.31999969482422,80.31999969482422,11773.0
2021-12-01 12:25:00-05:00,80.30999755859375,80.33999633789062,80.20999908447266,80.22000122070312,80.22000122070312,35791.0
2021-12-01 12:30:00-05:00,80.19000244140625,80.30999755859375,80.19000244140625,80.25,80.25,9454.0
2021-12-01 12:35:00-05:00,80.23999786376953,80.32499694824219,80.16000366210938,80.32499694824219,80.32499694824219,23808.0
2021-12-01 12:40:00-05:00,80.3499984741211,80.3499984741211,80.19999694824219,80.2300033569336,80.2300033569336,11893.0
2021-12-01 12:45:00-05:00,80.25,80.26000213623047,80.13009643554688,80.18000030517578,80.18000030517578,22363.0
2021-12-01 12:50:00-05:00,80.18000030517578,80.18000030517578,80.0250015258789,80.05999755859375,80.05999755859375,31491.0
2021-12-01 12:55:00-05:00,80.04000091552734,80.20999908447266,80.04000091552734,80.19000244140625,80.19000244140625,22323.0
2021-12-01 13:00:00-05:00,80.18000030517578,80.23999786376953,80.16000366210938,80.20999908447266,80.20999908447266,12373.0
2021-12-01 13:05:00-05:00,80.19000244140625,80.20999908447266,80.08999633789062,80.0999984741211,80.0999984741211,16658.0
2021-12-01 13:10:00-05:00,80.09500122070312,80.19000244140625,80.04060363769531,80.04060363769531,80.04060363769531,12112.0
2021-12-01 13:15:00-05:00,80.04000091552734,80.05999755859375,79.68000030517578,79.72000122070312,79.72000122070312,39116.0
2021-12-01 13:20:00-05:00,79.66000366210938,79.81999969482422,79.66000366210938,79.75,79.75,8605.0
2021-12-01 13:25:00-05:00,79.75,79.81999969482422,79.72000122070312,79.72000122070312,79.72000122070312,10856.0
2021-12-01 13:30:00-05:00,79.75,79.79000091552734,79.66999816894531,79.72000122070312,79.72000122070312,9028.0
2021-12-01 13:35:00-05:00,79.72000122070312,79.72000122070312,79.58000183105469,79.6449966430664,79.6449966430664,10978.0
2021-12-01 13:40:00-05:00,79.62999725341797,79.7300033569336,79.55000305175781,79.55000305175781,79.55000305175781,15556.0
2021-12-01 13:45:00-05:00,79.55500030517578,79.55500030517578,79.18000030517578,79.19999694824219,79.19999694824219,25021.0
2021-12-01 13:50:00-05:00,79.20999908447266,79.43000030517578,79.20999908447266,79.3499984741211,79.3499984741211,21904.0
2021-12-01 13:55:00-05:00,79.3499984741211,79.41500091552734,79.27999877929688,79.29000091552734,79.29000091552734,8334.0
2021-12-01 14:00:00-05:00,79.25,79.375,79.20999908447266,79.3499984741211,79.3499984741211,13281.0
2021-12-01 14:05:00-05:00,79.37999725341797,79.4800033569336,79.36000061035156,79.36039733886719,79.36039733886719,12755.0
2021-12-01 14:10:00-05:00,79.36000061035156,79.36000061035156,79.0999984741211,79.18000030517578,79.18000030517578,28808.0
2021-12-01 14:15:00-05:00,79.19000244140625,79.20999908447266,79.04000091552734,79.05000305175781,79.05000305175781,15556.0
2021-12-01 14:20:00-05:00,79.08000183105469,79.18000030517578,79.0199966430664,79.18000030517578,79.18000030517578,14390.0
2021-12-01 14:25:00-05:00,79.19000244140625,79.23999786376953,79.12999725341797,79.18000030517578,79.18000030517578,12413.0
2021-12-01 14:30:00-05:00,79.18000030517578,79.3499984741211,79.16999816894531,79.31999969482422,79.31999969482422,12628.0
2021-12-01 14:35:00-05:00,79.30999755859375,79.36000061035156,79.27999877929688,79.30999755859375,79.30999755859375,12852.0
2021-12-01 14:40:00-05:00,79.33000183105469,79.33000183105469,79.17289733886719,79.18000030517578,79.18000030517578,13658.0
2021-12-01 14:45:00-05:00,79.16000366210938,79.27999877929688,79.1500015258789,79.1500015258789,79.1500015258789,13025.0
2021-12-01 14:50:00-05:00,79.1500015258789,79.16000366210938,79.0199966430664,79.0199966430664,79.0199966430664,14762.0
2021-12-01 14:55:00-05:00,79.04000091552734,79.2699966430664,79.04000091552734,79.22000122070312,79.22000122070312,17712.0
2021-12-01 15:00:00-05:00,79.2699966430664,79.33999633789062,79.12999725341797,79.12999725341797,79.12999725341797,11532.0
2021-12-01 15:05:00-05:00,79.12999725341797,79.19000244140625,79.05000305175781,79.11000061035156,79.11000061035156,13530.0
2021-12-01 15:10:00-05:00,79.12000274658203,79.18000030517578,79.11000061035156,79.17500305175781,79.17500305175781,18766.0
2021-12-01 15:15:00-05:00,79.16999816894531,79.16999816894531,78.9800033569336,79.04000091552734,79.04000091552734,16707.0
2021-12-01 15:20:00-05:00,79.02999877929688,79.04000091552734,78.86000061035156,78.86000061035156,78.86000061035156,14761.0
2021-12-01 15:25:00-05:00,78.88999938964844,78.98999786376953,78.86000061035156,78.90609741210938,78.90609741210938,18327.0
2021-12-01 15:30:00-05:00,78.88999938964844,78.91999816894531,78.70999908447266,78.73999786376953,78.73999786376953,33985.0
2021-12-01 15:35:00-05:00,78.72000122070312,78.83000183105469,78.67019653320312,78.80000305175781,78.80000305175781,25186.0
2021-12-01 15:40:00-05:00,78.79000091552734,78.9000015258789,78.74500274658203,78.9000015258789,78.9000015258789,17909.0
2021-12-01 15:45:00-05:00,78.9000015258789,78.91000366210938,78.63999938964844,78.65499877929688,78.65499877929688,55153.0
2021-12-01 15:50:00-05:00,78.63999938964844,78.6500015258789,78.44000244140625,78.4749984741211,78.4749984741211,54555.0
2021-12-01 15:55:00-05:00,78.44999694824219,78.44999694824219,78.22000122070312,78.26000213623047,78.26000213623047,118449.0
2021-12-02 09:30:00-05:00,79.2699966430664,79.37999725341797,78.94999694824219,79.0,79.0,85377.0
2021-12-02 09:35:00-05:00,79.0999984741211,79.22000122070312,78.95999908447266,79.22000122070312,79.22000122070312,24198.0
2021-12-02 09:40:00-05:00,79.2300033569336,79.8499984741211,79.1729965209961,79.80999755859375,79.80999755859375,68292.0
2021-12-02 09:45:00-05:00,79.81999969482422,79.9000015258789,79.4000015258789,79.47000122070312,79.47000122070312,89711.0
2021-12-02 09:50:00-05:00,79.48999786376953,80.0999984741211,79.48999786376953,79.93479919433594,79.93479919433594,38645.0
2021-12-02 09:55:00-05:00,79.93000030517578,80.2300033569336,79.93000030517578,80.19000244140625,80.19000244140625,54971.0
2021-12-02 10:00:00-05:00,80.19999694824219,80.48999786376953,79.87999725341797,80.2699966430664,80.2699966430664,107778.0
2021-12-02 10:05:00-05:00,80.2699966430664,80.29000091552734,80.05999755859375,80.18000030517578,80.18000030517578,29407.0
2021-12-02 10:10:00-05:00,80.16999816894531,80.48500061035156,80.16000366210938,80.3949966430664,80.3949966430664,36984.0
2021-12-02 10:15:00-05:00,80.38999938964844,80.58999633789062,80.32499694824219,80.56500244140625,80.56500244140625,28254.0
2021-12-02 10:20:00-05:00,80.54000091552734,80.56999969482422,80.43000030517578,80.43000030517578,80.43000030517578,30337.0
2021-12-02 10:25:00-05:00,80.46990203857422,80.75,80.41999816894531,80.75,80.75,38481.0
2021-12-02 10:30:00-05:00,80.69999694824219,80.81999969482422,80.66999816894531,80.66999816894531,80.66999816894531,31278.0
2021-12-02 10:35:00-05:00,80.6050033569336,80.68000030517578,80.44999694824219,80.48999786376953,80.48999786376953,31856.0
2021-12-02 10:40:00-05:00,80.5,80.5999984741211,80.44000244140625,80.45999908447266,80.45999908447266,30988.0
2021-12-02 10:45:00-05:00,80.5,80.66000366210938,80.41000366210938,80.63999938964844,80.63999938964844,42109.0
2021-12-02 10:50:00-05:00,80.6449966430664,80.66999816894531,80.47100067138672,80.54499816894531,80.54499816894531,28416.0
2021-12-02 10:55:00-05:00,80.54499816894531,80.7699966430664,80.41000366210938,80.73999786376953,80.73999786376953,32719.0
2021-12-02 11:00:00-05:00,80.74500274658203,80.91000366210938,80.74500274658203,80.7699966430664,80.7699966430664,30660.0
2021-12-02 11:05:00-05:00,80.76000213623047,80.83999633789062,80.63999938964844,80.80999755859375,80.80999755859375,22690.0
2021-12-02 11:10:00-05:00,80.83000183105469,80.93000030517578,80.56999969482422,80.66000366210938,80.66000366210938,40848.0
2021-12-02 11:15:00-05:00,80.6500015258789,80.69999694824219,80.55000305175781,80.63500213623047,80.63500213623047,23316.0
2021-12-02 11:20:00-05:00,80.61000061035156,80.73999786376953,80.52999877929688,80.55000305175781,80.55000305175781,24301.0
2021-12-02 11:25:00-05:00,80.56500244140625,80.63999938964844,80.44000244140625,80.63999938964844,80.63999938964844,28987.0
2021-12-02 11:30:00-05:00,80.63999938964844,80.70500183105469,80.37000274658203,80.43000030517578,80.43000030517578,40084.0
2021-12-02 11:35:00-05:00,80.4000015258789,80.45999908447266,80.30999755859375,80.31999969482422,80.31999969482422,16691.0
2021-12-02 11:40:00-05:00,80.37000274658203,80.5999984741211,80.34500122070312,80.56999969482422,80.56999969482422,24370.0
2021-12-02 11:45:00-05:00,80.54000091552734,80.55000305175781,80.43000030517578,80.54000091552734,80.54000091552734,23436.0
2021-12-02 11:50:00-05:00,80.52999877929688,80.62999725341797,80.5199966430664,80.61000061035156,80.61000061035156,18309.0
2021-12-02 11:55:00-05:00,80.61000061035156,80.73999786376953,80.47000122070312,80.68000030517578,80.68000030517578,38138.0
2021-12-02 12:00:00-05:00,80.66000366210938,80.73500061035156,80.66000366210938,80.69000244140625,80.69000244140625,12262.0
2021-12-02 12:05:00-05:00,80.66999816894531,80.68000030517578,80.58999633789062,80.66000366210938,80.66000366210938,20848.0
2021-12-02 12:10:00-05:00,80.68000030517578,80.8550033569336,80.68000030517578,80.7699966430664,80.7699966430664,24814.0
2021-12-02 12:15:00-05:00,80.80999755859375,80.83499908447266,80.6500015258789,80.71499633789062,80.71499633789062,19294.0
2021-12-02 12:20:00-05:00,80.69300079345703,80.73500061035156,80.63999938964844,80.6500015258789,80.6500015258789,19976.0
2021-12-02 12:25:00-05:00,80.6449966430664,80.6449966430664,80.5199966430664,80.54000091552734,80.54000091552734,17538.0
2021-12-02 12:30:00-05:00,80.54000091552734,80.55999755859375,80.51000213623047,80.54000091552734,80.54000091552734,18793.0
2021-12-02 12:35:00-05:00,80.51000213623047,80.58999633789062,80.45999908447266,80.47000122070312,80.47000122070312,17928.0
2021-12-02 12:40:00-05:00,80.46499633789062,80.48999786376953,80.41000366210938,80.45999908447266,80.45999908447266,16530.0
2021-12-02 12:45:00-05:00,80.43499755859375,80.56999969482422,80.41000366210938,80.56999969482422,80.56999969482422,18008.0
2021-12-02 12:50:00-05:00,80.5999984741211,80.62999725341797,80.55999755859375,80.62000274658203,80.62000274658203,14954.0
2021-12-02 12:55:00-05:00,80.62000274658203,80.65979766845703,80.55000305175781,80.55999755859375,80.55999755859375,20393.0
2021-12-02 13:00:00-05:00,80.54000091552734,80.6500015258789,80.45999908447266,80.6449966430664,80.6449966430664,24050.0
2021-12-02 13:05:00-05:00,80.66000366210938,80.68000030517578,80.49700164794922,80.56999969482422,80.56999969482422,14066.0
2021-12-02 13:10:00-05:00,80.55000305175781,80.62000274658203,80.54000091552734,80.5999984741211,80.5999984741211,13066.0
2021-12-02 13:15:00-05:00,80.62000274658203,80.66999816894531,80.5999984741211,80.62000274658203,80.62000274658203,17440.0
2021-12-02 13:20:00-05:00,80.62999725341797,80.66000366210938,80.52999877929688,80.56999969482422,80.56999969482422,15105.0
2021-12-02 13:25:00-05:00,80.5999984741211,80.5999984741211,80.4800033569336,80.4800033569336,80.4800033569336,12347.0
2021-12-02 13:30:00-05:00,80.52999877929688,80.61000061035156,80.4800033569336,80.5999984741211,80.5999984741211,11181.0
2021-12-02 13:35:00-05:00,80.58000183105469,80.73999786376953,80.58000183105469,80.73999786376953,80.73999786376953,9281.0
2021-12-02 13:40:00-05:00,80.76000213623047,80.80000305175781,80.7300033569336,80.7750015258789,80.7750015258789,18849.0
2021-12-02 13:45:00-05:00,80.75,80.81500244140625,80.68000030517578,80.79000091552734,80.79000091552734,13015.0
2021-12-02 13:50:00-05:00,80.77999877929688,80.87999725341797,80.7750015258789,80.8499984741211,80.8499984741211,15935.0
2021-12-02 13:55:00-05:00,80.87000274658203,81.12999725341797,80.85399627685547,81.08000183105469,81.08000183105469,46334.0
2021-12-02 14:00:00-05:00,81.08000183105469,81.12999725341797,80.9800033569336,81.05999755859375,81.05999755859375,17010.0
2021-12-02 14:05:00-05:00,81.05999755859375,81.29000091552734,81.01000213623047,81.25,81.25,42287.0
2021-12-02 14:10:00-05:00,81.25,81.26000213623047,81.19999694824219,81.23500061035156,81.23500061035156,19388.0
2021-12-02 14:15:00-05:00,81.23500061035156,81.37110137939453,81.23500061035156,81.37000274658203,81.37000274658203,38003.0
2021-12-02 14:20:00-05:00,81.33999633789062,81.3499984741211,81.20500183105469,81.2509994506836,81.2509994506836,11494.0
2021-12-02 14:25:00-05:00,81.29000091552734,81.37999725341797,81.29000091552734,81.3499984741211,81.3499984741211,14560.0
2021-12-02 14:30:00-05:00,81.3499984741211,81.41000366210938,81.33999633789062,81.375,81.375,22167.0
2021-12-02 14:35:00-05:00,81.37999725341797,81.41999816894531,81.31999969482422,81.38500213623047,81.38500213623047,31409.0
2021-12-02 14:40:00-05:00,81.37000274658203,81.38999938964844,81.33499908447266,81.33999633789062,81.33999633789062,24286.0
2021-12-02 14:45:00-05:00,81.3499984741211,81.4000015258789,81.26000213623047,81.37999725341797,81.37999725341797,21877.0
2021-12-02 14:50:00-05:00,81.38500213623047,81.45999908447266,81.27999877929688,81.33000183105469,81.33000183105469,44352.0
2021-12-02 14:55:00-05:00,81.34500122070312,81.38999938964844,81.30909729003906,81.3499984741211,81.3499984741211,24618.0
2021-12-02 15:00:00-05:00,81.37000274658203,81.42500305175781,81.20999908447266,81.26000213623047,81.26000213623047,26891.0
2021-12-02 15:05:00-05:00,81.23999786376953,81.2699966430664,81.11000061035156,81.16999816894531,81.16999816894531,20975.0
2021-12-02 15:10:00-05:00,81.16000366210938,81.16000366210938,81.0199966430664,81.12000274658203,81.12000274658203,18119.0
2021-12-02 15:15:00-05:00,81.12000274658203,81.19999694824219,81.12000274658203,81.16999816894531,81.16999816894531,34106.0
2021-12-02 15:20:00-05:00,81.16999816894531,81.18000030517578,81.05999755859375,81.08999633789062,81.08999633789062,23964.0
2021-12-02 15:25:00-05:00,81.08999633789062,81.19000244140625,81.08999633789062,81.19000244140625,81.19000244140625,36927.0
2021-12-02 15:30:00-05:00,81.20999908447266,81.30000305175781,81.12999725341797,81.16000366210938,81.16000366210938,39232.0
2021-12-02 15:35:00-05:00,81.1500015258789,81.23999786376953,81.0199966430664,81.02999877929688,81.02999877929688,71087.0
2021-12-02 15:40:00-05:00,81.02999877929688,81.1500015258789,81.00499725341797,81.11000061035156,81.11000061035156,40128.0
2021-12-02 15:45:00-05:00,81.0999984741211,81.1500015258789,81.0,81.0199966430664,81.0199966430664,73813.0
2021-12-02 15:50:00-05:00,81.0199966430664,81.11000061035156,80.87999725341797,80.9000015258789,80.9000015258789,83318.0
2021-12-02 15:55:00-05:00,80.9000015258789,80.9000015258789,80.7300033569336,80.81999969482422,80.81999969482422,217360.0
2021-12-03 09:30:00-05:00,81.73999786376953,82.37000274658203,81.63500213623047,82.26799774169922,82.26799774169922,226256.0
2021-12-03 09:35:00-05:00,82.33000183105469,82.44000244140625,81.97000122070312,82.31999969482422,82.31999969482422,50728.0
2021-12-03 09:40:00-05:00,82.30000305175781,82.41000366210938,82.11000061035156,82.3550033569336,82.3550033569336,36324.0
2021-12-03 09:45:00-05:00,82.31999969482422,82.58999633789062,82.27999877929688,82.4000015258789,82.4000015258789,42654.0
2021-12-03 09:50:00-05:00,82.4000015258789,82.56999969482422,82.36000061035156,82.48999786376953,82.48999786376953,27947.0
2021-12-03 09:55:00-05:00,82.44000244140625,82.55000305175781,82.43000030517578,82.45500183105469,82.45500183105469,19123.0
2021-12-03 10:00:00-05:00,82.45999908447266,82.77999877929688,82.43000030517578,82.69000244140625,82.69000244140625,38794.0
2021-12-03 10:05:00-05:00,82.68000030517578,82.80999755859375,82.45500183105469,82.45500183105469,82.45500183105469,37376.0
2021-12-03 10:10:00-05:00,82.41999816894531,82.44000244140625,82.2261962890625,82.24629974365234,82.24629974365234,26713.0
2021-12-03 10:15:00-05:00,82.26000213623047,82.41999816894531,82.25,82.41999816894531,82.41999816894531,19729.0
2021-12-03 10:20:00-05:00,82.44000244140625,82.69999694824219,82.44000244140625,82.69999694824219,82.69999694824219,15841.0
2021-12-03 10:25:00-05:00,82.68000030517578,82.87999725341797,82.62000274658203,82.87999725341797,82.87999725341797,31072.0
2021-12-03 10:30:00-05:00,82.86000061035156,82.86000061035156,82.62000274658203,82.62999725341797,82.62999725341797,15449.0
2021-12-03 10:35:00-05:00,82.62000274658203,82.80000305175781,82.58000183105469,82.79000091552734,82.79000091552734,15149.0
2021-12-03 10:40:00-05:00,82.80460357666016,82.86000061035156,82.26000213623047,82.26000213623047,82.26000213623047,20590.0
2021-12-03 10:45:00-05:00,82.24500274658203,82.5,82.20999908447266,82.4800033569336,82.4800033569336,24353.0
2021-12-03 10:50:00-05:00,82.48999786376953,82.61000061035156,82.44000244140625,82.59500122070312,82.59500122070312,28823.0
2021-12-03 10:55:00-05:00,82.56999969482422,82.66909790039062,82.56999969482422,82.56999969482422,82.56999969482422,17946.0
2021-12-03 11:00:00-05:00,82.54499816894531,82.81600189208984,82.47579956054688,82.80000305175781,82.80000305175781,19630.0
2021-12-03 11:05:00-05:00,82.79000091552734,82.79000091552734,82.5999984741211,82.75,82.75,28792.0
2021-12-03 11:10:00-05:00,82.7699966430664,82.9800033569336,82.7699966430664,82.91999816894531,82.91999816894531,62664.0
2021-12-03 11:15:00-05:00,82.94000244140625,83.03050231933594,82.93000030517578,83.03050231933594,83.03050231933594,37455.0
2021-12-03 11:20:00-05:00,83.0,83.03990173339844,82.91500091552734,82.93000030517578,82.93000030517578,56149.0
2021-12-03 11:25:00-05:00,82.91500091552734,83.08000183105469,82.88999938964844,82.94000244140625,82.94000244140625,20989.0
2021-12-03 11:30:00-05:00,82.94000244140625,82.95999908447266,82.80999755859375,82.91999816894531,82.91999816894531,14339.0
2021-12-03 11:35:00-05:00,82.9032974243164,83.0199966430664,82.83999633789062,82.9800033569336,82.9800033569336,17170.0
2021-12-03 11:40:00-05:00,82.9800033569336,82.9800033569336,82.63500213623047,82.63500213623047,82.63500213623047,16175.0
2021-12-03 11:45:00-05:00,82.66000366210938,82.83000183105469,82.55999755859375,82.75679779052734,82.75679779052734,18543.0
2021-12-03 11:50:00-05:00,82.74500274658203,82.74500274658203,82.55000305175781,82.58000183105469,82.58000183105469,13516.0
2021-12-03 11:55:00-05:00,82.56849670410156,82.56939697265625,82.44000244140625,82.44000244140625,82.44000244140625,16280.0
2021-12-03 12:00:00-05:00,82.43450164794922,82.68900299072266,82.43000030517578,82.55500030517578,82.55500030517578,13969.0
2021-12-03 12:05:00-05:00,82.56999969482422,82.5999984741211,82.5199966430664,82.52999877929688,82.52999877929688,13453.0
2021-12-03 12:10:00-05:00,82.51000213623047,82.51499938964844,82.41429901123047,82.47000122070312,82.47000122070312,136430.0
2021-12-03 12:15:00-05:00,82.47000122070312,82.61000061035156,82.375,82.59600067138672,82.59600067138672,70605.0
2021-12-03 12:20:00-05:00,82.58999633789062,82.65959930419922,82.52999877929688,82.54010009765625,82.54010009765625,24176.0
2021-12-03 12:25:00-05:00,82.54000091552734,82.58000183105469,82.51000213623047,82.55000305175781,82.55000305175781,12124.0
2021-12-03 12:30:00-05:00,82.54000091552734,82.55000305175781,82.43000030517578,82.51000213623047,82.51000213623047,16703.0
2021-12-03 12:35:00-05:00,82.51000213623047,82.62000274658203,82.5,82.55999755859375,82.55999755859375,9944.0
2021-12-03 12:40:00-05:00,82.56400299072266,82.62999725341797,82.54000091552734,82.58049774169922,82.58049774169922,11782.0
2021-12-03 12:45:00-05:00,82.55000305175781,82.55220031738281,82.44999694824219,82.49500274658203,82.49500274658203,10228.0
2021-12-03 12:50:00-05:00,82.5,82.55000305175781,82.47000122070312,82.5,82.5,25255.0
2021-12-03 12:55:00-05:00,82.5,82.51000213623047,82.4000015258789,82.5000991821289,82.5000991821289,20147.0
2021-12-03 13:00:00-05:00,82.5,82.62000274658203,82.48999786376953,82.62000274658203,82.62000274658203,34546.0
2021-12-03 13:05:00-05:00,82.62000274658203,82.69999694824219,82.61000061035156,82.62000274658203,82.62000274658203,14278.0
2021-12-03 13:10:00-05:00,82.62000274658203,82.69989776611328,82.61000061035156,82.62000274658203,82.62000274658203,13378.0
2021-12-03 13:15:00-05:00,82.62000274658203,82.69999694824219,82.61000061035156,82.68000030517578,82.68000030517578,10575.0
2021-12-03 13:20:00-05:00,82.68000030517578,82.83000183105469,82.66000366210938,82.83000183105469,82.83000183105469,12216.0
2021-12-03 13:25:00-05:00,82.83000183105469,82.83999633789062,82.63500213623047,82.66000366210938,82.66000366210938,17892.0
2021-12-03 13:30:00-05:00,82.6500015258789,82.72000122070312,82.62999725341797,82.66000366210938,82.66000366210938,11508.0
2021-12-03 13:35:00-05:00,82.65679931640625,82.68000030517578,82.4801025390625,82.51000213623047,82.51000213623047,14979.0
2021-12-03 13:40:00-05:00,82.5199966430664,82.58039855957031,82.48999786376953,82.54000091552734,82.54000091552734,11851.0
2021-12-03 13:45:00-05:00,82.54499816894531,82.58000183105469,82.42500305175781,82.51000213623047,82.51000213623047,17827.0
2021-12-03 13:50:00-05:00,82.5199966430664,82.58000183105469,82.4749984741211,82.55500030517578,82.55500030517578,16605.0
2021-12-03 13:55:00-05:00,82.55999755859375,82.5824966430664,82.45999908447266,82.52999877929688,82.52999877929688,21168.0
2021-12-03 14:00:00-05:00,82.52999877929688,82.55999755859375,82.4000015258789,82.43000030517578,82.43000030517578,22554.0
2021-12-03 14:05:00-05:00,82.44000244140625,82.45999908447266,82.37000274658203,82.43499755859375,82.43499755859375,22652.0
2021-12-03 14:10:00-05:00,82.44999694824219,82.52999877929688,82.41000366210938,82.4800033569336,82.4800033569336,26280.0
2021-12-03 14:15:00-05:00,82.48500061035156,82.54000091552734,82.37000274658203,82.46499633789062,82.46499633789062,28575.0
2021-12-03 14:20:00-05:00,82.46499633789062,82.61000061035156,82.37999725341797,82.56999969482422,82.56999969482422,31023.0
2021-12-03 14:25:00-05:00,82.59500122070312,82.59500122070312,82.48999786376953,82.55000305175781,82.55000305175781,20748.0
2021-12-03 14:30:00-05:00,82.54000091552734,82.62000274658203,82.48999786376953,82.52999877929688,82.52999877929688,18882.0
2021-12-03 14:35:00-05:00,82.54000091552734,82.59500122070312,82.5,82.54900360107422,82.54900360107422,21032.0
2021-12-03 14:40:00-05:00,82.53299713134766,82.66999816894531,82.52999877929688,82.61000061035156,82.61000061035156,25445.0
2021-12-03 14:45:00-05:00,82.62999725341797,82.62999725341797,82.41000366210938,82.43000030517578,82.43000030517578,30327.0
2021-12-03 14:50:00-05:00,82.43000030517578,82.4800033569336,82.41000366210938,82.41000366210938,82.41000366210938,29789.0
2021-12-03 14:55:00-05:00,82.41000366210938,82.5199966430664,82.36000061035156,82.5,82.5,44946.0
2021-12-03 15:00:00-05:00,82.4800033569336,82.58999633789062,82.41000366210938,82.55999755859375,82.55999755859375,48454.0
2021-12-03 15:05:00-05:00,82.54000091552734,82.62999725341797,82.45999908447266,82.4749984741211,82.4749984741211,28354.0
2021-12-03 15:10:00-05:00,82.4800033569336,82.5999984741211,82.4800033569336,82.55500030517578,82.55500030517578,28883.0
2021-12-03 15:15:00-05:00,82.55000305175781,82.56999969482422,82.44000244140625,82.47000122070312,82.47000122070312,37729.0
2021-12-03 15:20:00-05:00,82.47000122070312,82.61000061035156,82.47000122070312,82.55999755859375,82.55999755859375,31383.0
2021-12-03 15:25:00-05:00,82.55999755859375,82.66999816894531,82.52999877929688,82.58000183105469,82.58000183105469,32839.0
2021-12-03 15:30:00-05:00,82.56999969482422,82.77999877929688,82.55999755859375,82.7699966430664,82.7699966430664,44667.0
2021-12-03 15:35:00-05:00,82.79000091552734,82.81999969482422,82.55999755859375,82.5999984741211,82.5999984741211,38910.0
2021-12-03 15:40:00-05:00,82.61990356445312,82.62999725341797,82.51000213623047,82.55000305175781,82.55000305175781,36783.0
2021-12-03 15:45:00-05:00,82.54000091552734,82.54499816894531,82.47000122070312,82.52999877929688,82.52999877929688,62645.0
2021-12-03 15:50:00-05:00,82.5199966430664,82.62999725341797,82.4800033569336,82.52999877929688,82.52999877929688,151996.0
2021-12-03 15:55:00-05:00,82.52999877929688,82.6500015258789,82.48999786376953,82.61000061035156,82.61000061035156,215401.0
2021-12-06 09:30:00-05:00,83.4000015258789,83.73999786376953,83.27999877929688,83.56999969482422,83.56999969482422,73640.0
2021-12-06 09:35:00-05:00,83.69000244140625,83.83999633789062,83.51000213623047,83.83000183105469,83.83000183105469,18310.0
2021-12-06 09:40:00-05:00,83.83000183105469,83.98999786376953,83.63999938964844,83.88999938964844,83.88999938964844,26001.0
2021-12-06 09:45:00-05:00,83.87000274658203,84.0,83.7699966430664,83.83999633789062,83.83999633789062,17221.0
2021-12-06 09:50:00-05:00,83.58000183105469,83.79419708251953,83.58000183105469,83.73999786376953,83.73999786376953,32917.0
2021-12-06 09:55:00-05:00,83.75,84.29499816894531,83.69000244140625,84.29000091552734,84.29000091552734,35617.0
2021-12-06 10:00:00-05:00,84.31999969482422,84.32360076904297,84.01000213623047,84.06999969482422,84.06999969482422,15538.0
2021-12-06 10:05:00-05:00,84.02999877929688,84.3499984741211,84.02999877929688,84.16000366210938,84.16000366210938,25158.0
2021-12-06 10:10:00-05:00,84.06999969482422,84.1500015258789,84.0,84.08999633789062,84.08999633789062,10392.0
2021-12-06 10:15:00-05:00,84.08999633789062,84.33000183105469,84.05000305175781,84.33000183105469,84.33000183105469,28898.0
2021-12-06 10:20:00-05:00,84.37999725341797,84.44000244140625,84.31999969482422,84.43000030517578,84.43000030517578,27644.0
2021-12-06 10:25:00-05:00,84.44000244140625,84.68000030517578,84.44000244140625,84.66999816894531,84.66999816894531,17243.0
2021-12-06 10:30:00-05:00,84.61000061035156,84.70999908447266,84.52999877929688,84.66000366210938,84.66000366210938,49966.0
2021-12-06 10:35:00-05:00,84.62000274658203,84.7699966430664,84.55999755859375,84.75,84.75,17711.0
2021-12-06 10:40:00-05:00,84.7300033569336,84.7300033569336,84.55280303955078,84.69999694824219,84.69999694824219,16431.0
2021-12-06 10:45:00-05:00,84.68000030517578,84.83499908447266,84.61000061035156,84.80999755859375,84.80999755859375,38111.0
2021-12-06 10:50:00-05:00,84.83000183105469,84.87000274658203,84.75,84.83999633789062,84.83999633789062,18585.0
2021-12-06 10:55:00-05:00,84.8447036743164,84.86000061035156,84.76000213623047,84.86000061035156,84.86000061035156,18605.0
2021-12-06 11:00:00-05:00,84.81999969482422,84.81999969482422,84.31999969482422,84.31999969482422,84.31999969482422,19677.0
2021-12-06 11:05:00-05:00,84.33000183105469,84.44000244140625,84.31999969482422,84.3499984741211,84.3499984741211,14070.0
2021-12-06 11:10:00-05:00,84.31999969482422,84.33999633789062,84.16999816894531,84.2300033569336,84.2300033569336,21183.0
2021-12-06 11:15:00-05:00,84.2300033569336,84.3499984741211,84.16999816894531,84.31999969482422,84.31999969482422,13780.0
2021-12-06 11:20:00-05:00,84.31999969482422,84.44999694824219,84.31999969482422,84.36000061035156,84.36000061035156,16567.0
2021-12-06 11:25:00-05:00,84.37000274658203,84.5,84.25,84.5,84.5,22020.0
2021-12-06 11:30:00-05:00,84.5,84.55000305175781,84.16500091552734,84.24500274658203,84.24500274658203,17503.0
2021-12-06 11:35:00-05:00,84.22000122070312,84.30000305175781,84.20999908447266,84.24500274658203,84.24500274658203,40194.0
2021-12-06 11:40:00-05:00,84.26000213623047,84.41000366210938,84.23999786376953,84.34500122070312,84.34500122070312,12320.0
2021-12-06 11:45:00-05:00,84.31999969482422,84.33999633789062,84.0999984741211,84.0999984741211,84.0999984741211,13318.0
2021-12-06 11:50:00-05:00,84.11000061035156,84.15499877929688,84.06999969482422,84.08000183105469,84.08000183105469,12087.0
2021-12-06 11:55:00-05:00,84.11000061035156,84.16000366210938,84.0,84.0,84.0,26712.0
2021-12-06 12:00:00-05:00,83.97000122070312,84.12349700927734,83.91999816894531,84.12000274658203,84.12000274658203,15920.0
2021-12-06 12:05:00-05:00,84.12999725341797,84.12999725341797,83.93000030517578,84.01000213623047,84.01000213623047,25719.0
2021-12-06 12:10:00-05:00,84.04000091552734,84.13999938964844,84.04000091552734,84.08999633789062,84.08999633789062,11143.0
2021-12-06 12:15:00-05:00,84.10990142822266,84.20500183105469,84.02999877929688,84.20500183105469,84.20500183105469,16680.0
2021-12-06 12:20:00-05:00,84.20500183105469,84.23999786376953,84.16000366210938,84.20999908447266,84.20999908447266,15774.0
2021-12-06 12:25:00-05:00,84.22000122070312,84.23999786376953,84.16000366210938,84.18499755859375,84.18499755859375,18715.0
2021-12-06 12:30:00-05:00,84.18499755859375,84.26000213623047,84.11499786376953,84.22000122070312,84.22000122070312,13716.0
2021-12-06 12:35:00-05:00,84.25199890136719,84.25199890136719,84.13999938964844,84.17500305175781,84.17500305175781,12479.0
2021-12-06 12:40:00-05:00,84.1500015258789,84.23999786376953,84.12960052490234,84.18000030517578,84.18000030517578,15123.0
2021-12-06 12:45:00-05:00,84.16999816894531,84.25,84.16000366210938,84.22000122070312,84.22000122070312,19888.0
2021-12-06 12:50:00-05:00,84.22000122070312,84.22000122070312,84.16999816894531,84.19200134277344,84.19200134277344,16344.0
2021-12-06 12:55:00-05:00,84.19000244140625,84.23999786376953,84.16999816894531,84.22000122070312,84.22000122070312,19787.0
2021-12-06 13:00:00-05:00,84.23999786376953,84.25,84.12999725341797,84.14600372314453,84.14600372314453,16586.0
2021-12-06 13:05:00-05:00,84.13999938964844,84.16000366210938,84.04000091552734,84.04000091552734,84.04000091552734,14408.0
2021-12-06 13:10:00-05:00,84.04000091552734,84.05500030517578,83.93000030517578,83.94000244140625,83.94000244140625,16418.0
2021-12-06 13:15:00-05:00,83.94000244140625,84.0199966430664,83.90499877929688,84.0199966430664,84.0199966430664,16186.0
2021-12-06 13:20:00-05:00,84.02999877929688,84.04000091552734,83.88999938964844,83.88999938964844,83.88999938964844,16886.0
2021-12-06 13:25:00-05:00,83.93000030517578,84.0199966430664,83.91000366210938,83.9800033569336,83.9800033569336,24113.0
2021-12-06 13:30:00-05:00,83.97000122070312,83.9749984741211,83.9000015258789,83.93499755859375,83.93499755859375,24571.0
2021-12-06 13:35:00-05:00,83.94999694824219,84.06999969482422,83.93000030517578,84.05999755859375,84.05999755859375,31471.0
2021-12-06 13:40:00-05:00,84.05000305175781,84.16999816894531,84.0199966430664,84.16999816894531,84.16999816894531,35454.0
2021-12-06 13:45:00-05:00,84.18499755859375,84.19940185546875,84.05500030517578,84.07499694824219,84.07499694824219,20525.0
2021-12-06 13:50:00-05:00,84.08000183105469,84.13999938964844,84.08000183105469,84.12000274658203,84.12000274658203,15426.0
2021-12-06 13:55:00-05:00,84.12999725341797,84.27999877929688,84.08999633789062,84.18990325927734,84.18990325927734,43940.0
2021-12-06 14:00:00-05:00,84.19000244140625,84.25,84.1449966430664,84.19999694824219,84.19999694824219,12234.0
2021-12-06 14:05:00-05:00,84.18000030517578,84.26000213623047,84.1449966430664,84.1500015258789,84.1500015258789,23708.0
2021-12-06 14:10:00-05:00,84.1500015258789,84.30000305175781,84.1500015258789,84.29000091552734,84.29000091552734,16525.0
2021-12-06 14:15:00-05:00,84.27999877929688,84.37000274658203,84.25,84.25,84.25,23014.0
2021-12-06 14:20:00-05:00,84.25,84.4000015258789,84.25,84.3895034790039,84.3895034790039,14789.0
2021-12-06 14:25:00-05:00,84.4000015258789,84.40959930419922,84.20999908447266,84.2249984741211,84.2249984741211,15974.0
2021-12-06 14:30:00-05:00,84.23999786376953,84.25,84.12999725341797,84.19000244140625,84.19000244140625,24358.0
2021-12-06 14:35:00-05:00,84.19000244140625,84.19000244140625,84.12000274658203,84.16999816894531,84.16999816894531,21612.0
2021-12-06 14:40:00-05:00,84.18000030517578,84.18000030517578,84.04000091552734,84.05999755859375,84.05999755859375,38015.0
2021-12-06 14:45:00-05:00,84.04000091552734,84.05000305175781,83.86000061035156,83.87000274658203,83.87000274658203,18070.0
2021-12-06 14:50:00-05:00,83.87000274658203,83.87000274658203,83.79499816894531,83.81999969482422,83.81999969482422,18414.0
2021-12-06 14:55:00-05:00,83.81999969482422,84.0,83.80000305175781,83.95999908447266,83.95999908447266,66217.0
2021-12-06 15:00:00-05:00,83.95500183105469,83.98500061035156,83.88500213623047,83.88999938964844,83.88999938964844,26475.0
2021-12-06 15:05:00-05:00,83.87999725341797,83.9000015258789,83.81500244140625,83.83999633789062,83.83999633789062,17367.0
2021-12-06 15:10:00-05:00,83.81999969482422,83.81999969482422,83.66999816894531,83.74099731445312,83.74099731445312,28928.0
2021-12-06 15:15:00-05:00,83.73999786376953,83.77999877929688,83.66999816894531,83.67500305175781,83.67500305175781,22776.0
2021-12-06 15:20:00-05:00,83.66000366210938,83.7699966430664,83.62000274658203,83.69999694824219,83.69999694824219,25654.0
2021-12-06 15:25:00-05:00,83.70999908447266,83.79000091552734,83.65499877929688,83.77999877929688,83.77999877929688,22776.0
2021-12-06 15:30:00-05:00,83.79000091552734,83.8499984741211,83.63500213623047,83.69999694824219,83.69999694824219,40634.0
2021-12-06 15:35:00-05:00,83.69999694824219,83.72899627685547,83.63999938964844,83.71890258789062,83.71890258789062,38813.0
2021-12-06 15:40:00-05:00,83.69000244140625,83.69999694824219,83.57740020751953,83.58999633789062,83.58999633789062,31353.0
2021-12-06 15:45:00-05:00,83.5999984741211,83.61499786376953,83.43499755859375,83.54000091552734,83.54000091552734,58674.0
2021-12-06 15:50:00-05:00,83.5199966430664,83.56999969482422,83.41500091552734,83.51000213623047,83.51000213623047,74291.0
2021-12-06 15:55:00-05:00,83.5199966430664,83.54000091552734,83.43000030517578,83.48999786376953,83.48999786376953,178315.0
2021-12-07 09:30:00-05:00,83.48999786376953,83.7699966430664,83.43000030517578,83.47000122070312,83.47000122070312,61283.0
2021-12-07 09:35:00-05:00,83.52999877929688,84.0,83.5,83.94999694824219,83.94999694824219,13404.0
2021-12-07 09:40:00-05:00,84.0,84.23999786376953,84.0,84.23500061035156,84.23500061035156,9621.0
2021-12-07 09:45:00-05:00,84.19999694824219,84.26000213623047,84.08999633789062,84.20999908447266,84.20999908447266,14015.0
2021-12-07 09:50:00-05:00,84.20680236816406,84.37000274658203,84.18000030517578,84.37000274658203,84.37000274658203,11057.0
2021-12-07 09:55:00-05:00,84.41000366210938,84.44999694824219,84.33000183105469,84.44999694824219,84.44999694824219,7866.0
2021-12-07 10:00:00-05:00,84.4000015258789,84.52999877929688,84.33000183105469,84.4000015258789,84.4000015258789,23438.0
2021-12-07 10:05:00-05:00,84.43000030517578,84.62000274658203,84.38999938964844,84.53500366210938,84.53500366210938,25029.0
2021-12-07 10:10:00-05:00,84.54000091552734,84.74980163574219,84.54000091552734,84.69999694824219,84.69999694824219,21096.0
2021-12-07 10:15:00-05:00,84.67500305175781,84.7300033569336,84.5,84.54000091552734,84.54000091552734,19614.0
2021-12-07 10:20:00-05:00,84.55000305175781,84.69000244140625,84.51000213623047,84.62999725341797,84.62999725341797,17486.0
2021-12-07 10:25:00-05:00,84.62999725341797,84.80000305175781,84.62000274658203,84.7699966430664,84.7699966430664,17785.0
2021-12-07 10:30:00-05:00,84.81999969482422,84.84500122070312,84.37000274658203,84.37999725341797,84.37999725341797,26387.0
2021-12-07 10:35:00-05:00,84.41999816894531,84.47000122070312,84.20999908447266,84.24500274658203,84.24500274658203,16701.0
2021-12-07 10:40:00-05:00,84.2699966430664,84.3499984741211,84.05500030517578,84.11499786376953,84.11499786376953,16442.0
2021-12-07 10:45:00-05:00,84.16000366210938,84.25,84.12999725341797,84.23999786376953,84.23999786376953,10366.0
2021-12-07 10:50:00-05:00,84.20500183105469,84.45999908447266,84.20500183105469,84.44000244140625,84.44000244140625,21582.0
2021-12-07 10:55:00-05:00,84.41999816894531,84.43000030517578,84.30999755859375,84.36000061035156,84.36000061035156,12650.0
2021-12-07 11:00:00-05:00,84.36499786376953,84.36499786376953,84.12999725341797,84.12999725341797,84.12999725341797,10572.0
2021-12-07 11:05:00-05:00,84.14179992675781,84.30999755859375,84.12000274658203,84.30999755859375,84.30999755859375,13925.0
2021-12-07 11:10:00-05:00,84.27790069580078,84.30999755859375,84.22000122070312,84.25,84.25,18735.0
2021-12-07 11:15:00-05:00,84.25,84.4000015258789,84.23999786376953,84.25,84.25,12172.0
2021-12-07 11:20:00-05:00,84.29000091552734,84.30999755859375,84.22000122070312,84.25,84.25,9428.0
2021-12-07 11:25:00-05:00,84.2645034790039,84.30000305175781,84.20999908447266,84.22000122070312,84.22000122070312,15966.0
2021-12-07 11:30:00-05:00,84.23500061035156,84.27999877929688,84.12000274658203,84.23500061035156,84.23500061035156,18201.0
2021-12-07 11:35:00-05:00,84.22000122070312,84.30999755859375,84.0999984741211,84.0999984741211,84.0999984741211,24157.0
2021-12-07 11:40:00-05:00,84.0999984741211,84.12999725341797,84.03500366210938,84.08000183105469,84.08000183105469,23717.0
2021-12-07 11:45:00-05:00,84.12999725341797,84.13999938964844,84.08499908447266,84.0999984741211,84.0999984741211,5772.0
2021-12-07 11:50:00-05:00,84.11000061035156,84.16000366210938,84.09190368652344,84.12000274658203,84.12000274658203,14338.0
2021-12-07 11:55:00-05:00,84.08999633789062,84.08999633789062,83.94000244140625,83.94000244140625,83.94000244140625,9271.0
2021-12-07 12:00:00-05:00,83.95999908447266,83.97100067138672,83.91000366210938,83.95099639892578,83.95099639892578,10867.0
2021-12-07 12:05:00-05:00,83.94999694824219,84.0999984741211,83.94000244140625,84.02999877929688,84.02999877929688,16252.0
2021-12-07 12:10:00-05:00,84.03500366210938,84.05000305175781,83.9000015258789,83.91000366210938,83.91000366210938,23299.0
2021-12-07 12:15:00-05:00,83.8499984741211,83.85279846191406,83.7699966430664,83.82499694824219,83.82499694824219,10350.0
2021-12-07 12:20:00-05:00,83.80000305175781,83.85820007324219,83.7300033569336,83.81999969482422,83.81999969482422,14603.0
2021-12-07 12:25:00-05:00,83.87000274658203,84.02999877929688,83.81999969482422,84.01000213623047,84.01000213623047,22543.0
2021-12-07 12:30:00-05:00,84.02999877929688,84.08999633789062,83.97000122070312,84.0,84.0,16973.0
2021-12-07 12:35:00-05:00,84.0199966430664,84.04000091552734,83.9800033569336,84.04000091552734,84.04000091552734,10274.0
2021-12-07 12:40:00-05:00,84.04000091552734,84.05999755859375,83.9800033569336,84.04000091552734,84.04000091552734,8927.0
2021-12-07 12:45:00-05:00,84.05000305175781,84.08000183105469,83.98999786376953,83.99510192871094,83.99510192871094,10380.0
2021-12-07 12:50:00-05:00,83.98999786376953,84.05860137939453,83.9800033569336,83.9800033569336,83.9800033569336,10603.0
2021-12-07 12:55:00-05:00,83.98999786376953,84.0000991821289,83.92829895019531,83.93499755859375,83.93499755859375,12261.0
2021-12-07 13:00:00-05:00,83.94999694824219,83.98999786376953,83.93499755859375,83.93499755859375,83.93499755859375,9611.0
2021-12-07 13:05:00-05:00,83.92749786376953,84.0199966430664,83.91999816894531,83.99500274658203,83.99500274658203,17180.0
2021-12-07 13:10:00-05:00,83.99500274658203,84.01000213623047,83.9800033569336,83.99500274658203,83.99500274658203,16655.0
2021-12-07 13:15:00-05:00,84.0,84.06999969482422,83.9800033569336,84.05999755859375,84.05999755859375,14725.0
2021-12-07 13:20:00-05:00,84.08000183105469,84.11000061035156,84.05500030517578,84.06999969482422,84.06999969482422,10400.0
2021-12-07 13:25:00-05:00,84.05999755859375,84.05999755859375,83.95999908447266,84.05999755859375,84.05999755859375,7538.0
2021-12-07 13:30:00-05:00,84.02999877929688,84.02999877929688,83.93000030517578,83.94999694824219,83.94999694824219,10167.0
2021-12-07 13:35:00-05:00,83.94999694824219,84.0,83.91000366210938,83.98999786376953,83.98999786376953,24401.0
2021-12-07 13:40:00-05:00,83.98999786376953,84.08999633789062,83.9800033569336,84.0199966430664,84.0199966430664,20095.0
2021-12-07 13:45:00-05:00,84.02999877929688,84.05999755859375,83.9800033569336,84.04000091552734,84.04000091552734,10779.0
2021-12-07 13:50:00-05:00,84.02999877929688,84.08999633789062,84.02999877929688,84.07499694824219,84.07499694824219,5186.0
2021-12-07 13:55:00-05:00,84.05999755859375,84.05999755859375,84.0199966430664,84.04000091552734,84.04000091552734,7863.0
2021-12-07 14:00:00-05:00,84.04409790039062,84.04409790039062,83.94999694824219,83.99500274658203,83.99500274658203,19226.0
2021-12-07 14:05:00-05:00,83.9800033569336,84.0199966430664,83.96499633789062,83.98999786376953,83.98999786376953,21368.0
2021-12-07 14:10:00-05:00,83.99500274658203,84.04499816894531,83.97000122070312,84.04499816894531,84.04499816894531,12648.0
2021-12-07 14:15:00-05:00,84.05999755859375,84.05999755859375,83.98999786376953,84.04000091552734,84.04000091552734,11581.0
2021-12-07 14:20:00-05:00,84.05000305175781,84.09500122070312,84.04000091552734,84.08999633789062,84.08999633789062,11745.0
2021-12-07 14:25:00-05:00,84.08000183105469,84.16000366210938,84.06999969482422,84.12000274658203,84.12000274658203,15492.0
2021-12-07 14:30:00-05:00,84.13500213623047,84.13500213623047,84.08000183105469,84.11000061035156,84.11000061035156,17239.0
2021-12-07 14:35:00-05:00,84.0999984741211,84.16020202636719,84.08000183105469,84.09500122070312,84.09500122070312,19594.0
2021-12-07 14:40:00-05:00,84.09249877929688,84.12999725341797,84.06500244140625,84.0999984741211,84.0999984741211,16802.0
2021-12-07 14:45:00-05:00,84.11000061035156,84.11000061035156,84.0,84.04000091552734,84.04000091552734,17065.0
2021-12-07 14:50:00-05:00,84.05000305175781,84.12999725341797,84.04499816894531,84.12000274658203,84.12000274658203,11642.0
2021-12-07 14:55:00-05:00,84.11000061035156,84.17500305175781,84.09500122070312,84.16999816894531,84.16999816894531,12239.0
2021-12-07 15:00:00-05:00,84.1500015258789,84.19999694824219,84.08000183105469,84.19999694824219,84.19999694824219,16075.0
2021-12-07 15:05:00-05:00,84.19999694824219,84.20999908447266,84.12999725341797,84.13500213623047,84.13500213623047,14472.0
2021-12-07 15:10:00-05:00,84.12999725341797,84.2300033569336,84.0999984741211,84.22000122070312,84.22000122070312,23525.0
2021-12-07 15:15:00-05:00,84.22000122070312,84.2699966430664,84.1500015258789,84.26000213623047,84.26000213623047,26965.0
2021-12-07 15:20:00-05:00,84.25,84.26000213623047,84.18000030517578,84.20999908447266,84.20999908447266,26472.0
2021-12-07 15:25:00-05:00,84.19499969482422,84.24500274658203,84.16000366210938,84.23999786376953,84.23999786376953,15387.0
2021-12-07 15:30:00-05:00,84.2300033569336,84.2699966430664,84.08999633789062,84.08999633789062,84.08999633789062,67153.0
2021-12-07 15:35:00-05:00,84.06999969482422,84.16500091552734,84.05000305175781,84.12000274658203,84.12000274658203,54344.0
2021-12-07 15:40:00-05:00,84.12000274658203,84.16999816894531,84.05000305175781,84.11000061035156,84.11000061035156,36119.0
2021-12-07 15:45:00-05:00,84.11000061035156,84.1449966430664,83.97000122070312,84.12000274658203,84.12000274658203,48480.0
2021-12-07 15:50:00-05:00,84.08999633789062,84.12000274658203,83.91500091552734,84.01000213623047,84.01000213623047,80048.0
2021-12-07 15:55:00-05:00,84.0,84.0999984741211,83.94000244140625,83.97000122070312,83.97000122070312,153188.0
2021-12-08 09:30:00-05:00,84.33999633789062,84.97000122070312,84.25,84.68000030517578,84.68000030517578,50868.0
2021-12-08 09:35:00-05:00,84.51000213623047,84.56999969482422,84.20999908447266,84.48999786376953,84.48999786376953,37588.0
2021-12-08 09:40:00-05:00,84.54000091552734,84.7300033569336,84.33000183105469,84.5,84.5,44637.0
2021-12-08 09:45:00-05:00,84.45999908447266,84.55999755859375,84.19000244140625,84.375,84.375,31572.0
2021-12-08 09:50:00-05:00,84.44000244140625,84.80999755859375,84.41999816894531,84.74559783935547,84.74559783935547,15138.0
2021-12-08 09:55:00-05:00,84.73999786376953,84.81999969482422,84.54000091552734,84.55999755859375,84.55999755859375,18482.0
2021-12-08 10:00:00-05:00,84.54000091552734,84.80999755859375,84.48999786376953,84.75450134277344,84.75450134277344,11431.0
2021-12-08 10:05:00-05:00,84.7699966430664,84.7699966430664,84.54000091552734,84.72000122070312,84.72000122070312,14941.0
2021-12-08 10:10:00-05:00,84.70999908447266,84.7300033569336,84.55000305175781,84.58000183105469,84.58000183105469,11084.0
2021-12-08 10:15:00-05:00,84.52999877929688,84.7300033569336,84.52999877929688,84.58999633789062,84.58999633789062,21772.0
2021-12-08 10:20:00-05:00,84.58999633789062,84.6050033569336,84.27999877929688,84.33999633789062,84.33999633789062,14941.0
2021-12-08 10:25:00-05:00,84.29000091552734,84.29000091552734,84.13999938964844,84.25,84.25,24932.0
2021-12-08 10:30:00-05:00,84.23999786376953,84.45999908447266,84.23999786376953,84.29000091552734,84.29000091552734,49363.0
2021-12-08 10:35:00-05:00,84.2300033569336,84.3499984741211,84.19999694824219,84.2699966430664,84.2699966430664,25295.0
2021-12-08 10:40:00-05:00,84.26000213623047,84.30000305175781,83.95999908447266,84.02999877929688,84.02999877929688,21517.0
2021-12-08 10:45:00-05:00,84.0302963256836,84.13999938964844,83.80000305175781,83.91999816894531,83.91999816894531,18261.0
2021-12-08 10:50:00-05:00,83.9000015258789,83.94000244140625,83.8550033569336,83.91999816894531,83.91999816894531,19484.0
2021-12-08 10:55:00-05:00,83.94999694824219,83.95999908447266,83.85800170898438,83.87000274658203,83.87000274658203,20382.0
2021-12-08 11:00:00-05:00,83.87999725341797,83.94999694824219,83.84500122070312,83.8499984741211,83.8499984741211,20950.0
2021-12-08 11:05:00-05:00,83.83999633789062,83.86000061035156,83.75,83.86000061035156,83.86000061035156,25968.0
2021-12-08 11:10:00-05:00,83.86000061035156,83.9800033569336,83.83999633789062,83.8499984741211,83.8499984741211,33558.0
2021-12-08 11:15:00-05:00,83.8499984741211,83.87000274658203,83.62010192871094,83.62010192871094,83.62010192871094,27943.0
2021-12-08 11:20:00-05:00,83.65499877929688,83.76000213623047,83.62999725341797,83.71800231933594,83.71800231933594,21027.0
2021-12-08 11:25:00-05:00,83.75,83.79000091552734,83.70999908447266,83.79000091552734,83.79000091552734,14879.0
2021-12-08 11:30:00-05:00,83.79000091552734,83.80999755859375,83.72000122070312,83.78500366210938,83.78500366210938,13013.0
2021-12-08 11:35:00-05:00,83.80999755859375,83.86000061035156,83.66999816894531,83.66999816894531,83.66999816894531,11238.0
2021-12-08 11:40:00-05:00,83.66999816894531,83.69999694824219,83.63999938964844,83.69999694824219,83.69999694824219,15813.0
2021-12-08 11:45:00-05:00,83.69999694824219,83.79000091552734,83.68000030517578,83.7300033569336,83.7300033569336,15907.0
2021-12-08 11:50:00-05:00,83.7300033569336,83.75,83.69000244140625,83.75,83.75,13592.0
2021-12-08 11:55:00-05:00,83.76000213623047,83.83000183105469,83.66999816894531,83.83000183105469,83.83000183105469,23021.0
2021-12-08 12:00:00-05:00,83.80999755859375,83.94999694824219,83.75499725341797,83.94999694824219,83.94999694824219,32279.0
2021-12-08 12:05:00-05:00,83.95999908447266,84.02999877929688,83.90499877929688,84.01000213623047,84.01000213623047,31823.0
2021-12-08 12:10:00-05:00,84.02999877929688,84.06999969482422,83.95500183105469,84.04000091552734,84.04000091552734,57659.0
2021-12-08 12:15:00-05:00,84.05000305175781,84.05000305175781,83.9000015258789,83.93000030517578,83.93000030517578,46983.0
2021-12-08 12:20:00-05:00,83.89009857177734,83.91999816894531,83.63880157470703,83.70999908447266,83.70999908447266,11164.0
2021-12-08 12:25:00-05:00,83.76000213623047,83.7699966430664,83.51000213623047,83.56999969482422,83.56999969482422,10487.0
2021-12-08 12:30:00-05:00,83.61000061035156,83.7699966430664,83.61000061035156,83.75,83.75,16440.0
2021-12-08 12:35:00-05:00,83.76000213623047,83.9000015258789,83.76000213623047,83.86000061035156,83.86000061035156,11018.0
2021-12-08 12:40:00-05:00,83.87000274658203,83.94999694824219,83.83000183105469,83.87999725341797,83.87999725341797,12937.0
2021-12-08 12:45:00-05:00,83.86000061035156,83.91999816894531,83.80989837646484,83.81999969482422,83.81999969482422,14311.0
2021-12-08 12:50:00-05:00,83.82499694824219,83.9000015258789,83.82499694824219,83.9000015258789,83.9000015258789,6621.0
2021-12-08 12:55:00-05:00,83.9000015258789,83.95999908447266,83.87999725341797,83.87999725341797,83.87999725341797,10907.0
2021-12-08 13:00:00-05:00,83.87000274658203,83.97000122070312,83.87000274658203,83.91000366210938,83.91000366210938,9638.0
2021-12-08 13:05:00-05:00,83.90499877929688,83.98500061035156,83.86000061035156,83.91500091552734,83.91500091552734,8589.0
2021-12-08 13:10:00-05:00,83.91000366210938,83.97000122070312,83.91000366210938,83.97000122070312,83.97000122070312,8782.0
2021-12-08 13:15:00-05:00,83.95999908447266,84.01000213623047,83.88999938964844,83.88999938964844,83.88999938964844,16785.0
2021-12-08 13:20:00-05:00,83.88999938964844,83.97000122070312,83.86000061035156,83.97000122070312,83.97000122070312,10935.0
2021-12-08 13:25:00-05:00,83.98500061035156,84.1500015258789,83.98500061035156,84.1500015258789,84.1500015258789,11585.0
2021-12-08 13:30:00-05:00,84.13999938964844,84.16000366210938,84.11000061035156,84.12000274658203,84.12000274658203,18663.0
2021-12-08 13:35:00-05:00,84.13500213623047,84.20999908447266,84.12000274658203,84.16999816894531,84.16999816894531,15049.0
2021-12-08 13:40:00-05:00,84.18000030517578,84.20999908447266,84.11000061035156,84.20999908447266,84.20999908447266,20412.0
2021-12-08 13:45:00-05:00,84.19000244140625,84.22000122070312,83.98999786376953,83.98999786376953,83.98999786376953,16662.0
2021-12-08 13:50:00-05:00,83.98999786376953,84.0199966430664,83.88999938964844,84.01000213623047,84.01000213623047,20788.0
2021-12-08 13:55:00-05:00,84.01000213623047,84.06999969482422,83.98500061035156,83.99500274658203,83.99500274658203,7433.0
2021-12-08 14:00:00-05:00,83.9800033569336,84.08999633789062,83.91500091552734,83.94000244140625,83.94000244140625,13449.0
2021-12-08 14:05:00-05:00,83.94000244140625,84.06500244140625,83.91000366210938,84.05000305175781,84.05000305175781,24422.0
2021-12-08 14:10:00-05:00,84.05999755859375,84.08000183105469,83.98999786376953,84.04840087890625,84.04840087890625,25407.0
2021-12-08 14:15:00-05:00,84.02179718017578,84.04000091552734,83.94999694824219,83.98999786376953,83.98999786376953,19376.0
2021-12-08 14:20:00-05:00,83.9800033569336,84.0,83.9000015258789,83.94000244140625,83.94000244140625,27198.0
2021-12-08 14:25:00-05:00,83.95999908447266,84.0,83.80180358886719,83.83999633789062,83.83999633789062,10529.0
2021-12-08 14:30:00-05:00,83.81999969482422,83.81999969482422,83.68000030517578,83.70999908447266,83.70999908447266,11875.0
2021-12-08 14:35:00-05:00,83.69999694824219,83.69999694824219,83.62000274658203,83.66999816894531,83.66999816894531,21977.0
2021-12-08 14:40:00-05:00,83.66999816894531,83.69999694824219,83.4800033569336,83.48999786376953,83.48999786376953,15882.0
2021-12-08 14:45:00-05:00,83.47000122070312,83.56990051269531,83.45999908447266,83.55239868164062,83.55239868164062,18298.0
2021-12-08 14:50:00-05:00,83.56300354003906,83.58000183105469,83.45999908447266,83.45999908447266,83.45999908447266,13838.0
2021-12-08 14:55:00-05:00,83.44999694824219,83.53500366210938,83.44000244140625,83.5199966430664,83.5199966430664,19409.0
2021-12-08 15:00:00-05:00,83.51000213623047,83.5999984741211,83.51000213623047,83.54000091552734,83.54000091552734,13364.0
2021-12-08 15:05:00-05:00,83.55999755859375,83.62000274658203,83.54000091552734,83.58499908447266,83.58499908447266,13089.0
2021-12-08 15:10:00-05:00,83.58000183105469,83.58999633789062,83.52999877929688,83.53500366210938,83.53500366210938,16118.0
2021-12-08 15:15:00-05:00,83.55000305175781,83.63999938964844,83.55000305175781,83.62999725341797,83.62999725341797,18987.0
2021-12-08 15:20:00-05:00,83.63999938964844,83.7300033569336,83.62999725341797,83.69000244140625,83.69000244140625,16518.0
2021-12-08 15:25:00-05:00,83.69000244140625,83.71900177001953,83.55999755859375,83.68000030517578,83.68000030517578,43364.0
2021-12-08 15:30:00-05:00,83.68000030517578,83.69000244140625,83.61000061035156,83.62999725341797,83.62999725341797,23864.0
2021-12-08 15:35:00-05:00,83.63999938964844,83.6500015258789,83.54000091552734,83.54000091552734,83.54000091552734,33247.0
2021-12-08 15:40:00-05:00,83.55999755859375,83.7300033569336,83.55999755859375,83.72000122070312,83.72000122070312,40826.0
2021-12-08 15:45:00-05:00,83.7300033569336,83.80999755859375,83.62000274658203,83.6500015258789,83.6500015258789,46560.0
2021-12-08 15:50:00-05:00,83.6500015258789,83.70999908447266,83.61000061035156,83.63999938964844,83.63999938964844,57027.0
2021-12-08 15:55:00-05:00,83.63999938964844,83.63999938964844,83.5,83.52999877929688,83.52999877929688,125817.0
2021-12-09 09:30:00-05:00,83.37999725341797,83.48999786376953,83.0999984741211,83.30999755859375,83.30999755859375,50376.0
2021-12-09 09:35:00-05:00,83.30999755859375,83.4000015258789,83.05000305175781,83.05999755859375,83.05999755859375,42536.0
2021-12-09 09:40:00-05:00,83.05999755859375,83.12000274658203,82.80000305175781,82.95999908447266,82.95999908447266,54438.0
2021-12-09 09:45:00-05:00,82.91999816894531,82.97000122070312,82.51000213623047,82.76000213623047,82.76000213623047,46067.0
2021-12-09 09:50:00-05:00,82.66000366210938,82.91999816894531,82.5999984741211,82.8499984741211,82.8499984741211,24775.0
2021-12-09 09:55:00-05:00,82.9000015258789,83.08999633789062,82.80000305175781,82.90499877929688,82.90499877929688,20109.0
2021-12-09 10:00:00-05:00,82.9000015258789,83.37999725341797,82.9000015258789,83.375,83.375,56273.0
2021-12-09 10:05:00-05:00,83.33999633789062,83.66000366210938,83.33000183105469,83.41999816894531,83.41999816894531,30512.0
2021-12-09 10:10:00-05:00,83.37999725341797,83.43000030517578,83.19000244140625,83.30999755859375,83.30999755859375,16010.0
2021-12-09 10:15:00-05:00,83.30999755859375,83.47000122070312,83.30000305175781,83.36000061035156,83.36000061035156,16551.0
2021-12-09 10:20:00-05:00,83.36000061035156,83.38999938964844,83.2300033569336,83.30999755859375,83.30999755859375,24345.0
2021-12-09 10:25:00-05:00,83.2699966430664,83.31999969482422,83.20999908447266,83.23999786376953,83.23999786376953,10428.0
2021-12-09 10:30:00-05:00,83.22000122070312,83.22000122070312,83.0199966430664,83.06500244140625,83.06500244140625,20359.0
2021-12-09 10:35:00-05:00,83.0999984741211,83.1500015258789,82.97000122070312,83.02999877929688,83.02999877929688,17942.0
2021-12-09 10:40:00-05:00,83.01000213623047,83.08999633789062,82.94999694824219,82.9800033569336,82.9800033569336,19547.0
2021-12-09 10:45:00-05:00,82.95999908447266,83.02999877929688,82.88999938964844,83.02999877929688,83.02999877929688,26379.0
2021-12-09 10:50:00-05:00,83.01000213623047,83.06999969482422,82.96009826660156,83.0,83.0,16916.0
2021-12-09 10:55:00-05:00,82.98500061035156,83.0999984741211,82.93000030517578,82.93000030517578,82.93000030517578,14844.0
2021-12-09 11:00:00-05:00,82.91909790039062,83.0199966430664,82.87079620361328,82.97940063476562,82.97940063476562,21873.0
2021-12-09 11:05:00-05:00,83.0,83.20999908447266,82.97000122070312,82.97000122070312,82.97000122070312,12411.0
2021-12-09 11:10:00-05:00,82.95999908447266,83.0,82.9000015258789,82.94000244140625,82.94000244140625,26485.0
2021-12-09 11:15:00-05:00,82.91999816894531,82.91999816894531,82.73490142822266,82.83000183105469,82.83000183105469,10182.0
2021-12-09 11:20:00-05:00,82.87989807128906,82.87989807128906,82.68000030517578,82.79000091552734,82.79000091552734,41608.0
2021-12-09 11:25:00-05:00,82.79000091552734,82.79000091552734,82.63999938964844,82.63999938964844,82.63999938964844,31169.0
2021-12-09 11:30:00-05:00,82.61000061035156,82.66999816894531,82.58000183105469,82.62999725341797,82.62999725341797,38315.0
2021-12-09 11:35:00-05:00,82.66000366210938,82.79499816894531,82.63999938964844,82.7750015258789,82.7750015258789,21126.0
2021-12-09 11:40:00-05:00,82.7750015258789,82.87000274658203,82.7750015258789,82.79000091552734,82.79000091552734,39069.0
2021-12-09 11:45:00-05:00,82.78500366210938,82.81999969482422,82.70999908447266,82.78500366210938,82.78500366210938,15222.0
2021-12-09 11:50:00-05:00,82.77999877929688,82.83999633789062,82.75,82.82029724121094,82.82029724121094,37175.0
2021-12-09 11:55:00-05:00,82.80999755859375,82.81999969482422,82.75,82.80000305175781,82.80000305175781,32688.0
2021-12-09 12:00:00-05:00,82.80999755859375,83.06999969482422,82.79000091552734,83.06999969482422,83.06999969482422,31628.0
2021-12-09 12:05:00-05:00,83.06099700927734,83.19999694824219,83.04000091552734,83.04000091552734,83.04000091552734,16873.0
2021-12-09 12:10:00-05:00,83.04000091552734,83.12000274658203,83.02999877929688,83.12000274658203,83.12000274658203,17062.0
2021-12-09 12:15:00-05:00,83.1500015258789,83.3499984741211,83.1500015258789,83.30400085449219,83.30400085449219,37270.0
2021-12-09 12:20:00-05:00,83.3228988647461,83.45999908447266,83.30999755859375,83.30999755859375,83.30999755859375,14522.0
2021-12-09 12:25:00-05:00,83.33999633789062,83.44000244140625,83.32499694824219,83.43000030517578,83.43000030517578,4484.0
2021-12-09 12:30:00-05:00,83.43000030517578,83.59500122070312,83.41000366210938,83.58999633789062,83.58999633789062,16922.0
2021-12-09 12:35:00-05:00,83.58999633789062,83.6449966430664,83.52999877929688,83.58999633789062,83.58999633789062,13805.0
2021-12-09 12:40:00-05:00,83.56999969482422,83.77999877929688,83.55999755859375,83.6500015258789,83.6500015258789,128418.0
2021-12-09 12:45:00-05:00,83.62999725341797,83.6500015258789,83.55999755859375,83.6500015258789,83.6500015258789,10231.0
2021-12-09 12:50:00-05:00,83.66000366210938,83.75,83.62999725341797,83.68000030517578,83.68000030517578,13866.0
2021-12-09 12:55:00-05:00,83.68000030517578,83.73899841308594,83.56999969482422,83.56999969482422,83.56999969482422,13230.0
2021-12-09 13:00:00-05:00,83.56999969482422,83.69309997558594,83.56999969482422,83.66999816894531,83.66999816894531,14677.0
2021-12-09 13:05:00-05:00,83.66999816894531,83.98999786376953,83.66999816894531,83.94999694824219,83.94999694824219,25274.0
2021-12-09 13:10:00-05:00,83.94999694824219,84.01000213623047,83.91999816894531,83.9800033569336,83.9800033569336,14990.0
2021-12-09 13:15:00-05:00,84.0,84.08000183105469,83.9800033569336,84.0510025024414,84.0510025024414,12834.0
2021-12-09 13:20:00-05:00,84.06500244140625,84.08999633789062,83.98999786376953,84.08999633789062,84.08999633789062,25606.0
2021-12-09 13:25:00-05:00,84.1050033569336,84.16000366210938,84.08999633789062,84.08999633789062,84.08999633789062,12136.0
2021-12-09 13:30:00-05:00,84.05999755859375,84.12000274658203,83.94999694824219,84.12000274658203,84.12000274658203,33717.0
2021-12-09 13:35:00-05:00,84.1500015258789,84.16000366210938,84.11000061035156,84.14969635009766,84.14969635009766,14817.0
2021-12-09 13:40:00-05:00,84.13999938964844,84.16000366210938,84.06999969482422,84.12000274658203,84.12000274658203,24081.0
2021-12-09 13:45:00-05:00,84.1500015258789,84.25,84.12000274658203,84.23999786376953,84.23999786376953,13366.0
2021-12-09 13:50:00-05:00,84.23999786376953,84.4000015258789,84.23999786376953,84.2959976196289,84.2959976196289,35499.0
2021-12-09 13:55:00-05:00,84.30999755859375,84.32499694824219,84.19000244140625,84.20500183105469,84.20500183105469,20612.0
2021-12-09 14:00:00-05:00,84.20500183105469,84.31999969482422,84.11499786376953,84.12999725341797,84.12999725341797,27214.0
2021-12-09 14:05:00-05:00,84.1500015258789,84.1500015258789,83.95999908447266,84.01499938964844,84.01499938964844,12099.0
2021-12-09 14:10:00-05:00,84.0199966430664,84.0999984741211,83.94999694824219,84.06999969482422,84.06999969482422,655377.0
2021-12-09 14:15:00-05:00,84.06719970703125,84.06719970703125,83.80999755859375,83.80999755859375,83.80999755859375,16170.0
2021-12-09 14:20:00-05:00,83.80000305175781,83.96009826660156,83.68000030517578,83.91000366210938,83.91000366210938,29373.0
2021-12-09 14:25:00-05:00,83.9000015258789,83.95999908447266,83.82499694824219,83.84290313720703,83.84290313720703,93724.0
2021-12-09 14:30:00-05:00,83.8499984741211,83.95999908447266,83.77999877929688,83.93000030517578,83.93000030517578,24370.0
2021-12-09 14:35:00-05:00,83.93000030517578,83.97000122070312,83.87999725341797,83.9000015258789,83.9000015258789,9801.0
2021-12-09 14:40:00-05:00,83.91999816894531,83.94499969482422,83.83000183105469,83.84500122070312,83.84500122070312,12645.0
2021-12-09 14:45:00-05:00,83.83000183105469,83.83000183105469,83.7699966430664,83.79000091552734,83.79000091552734,7621.0
2021-12-09 14:50:00-05:00,83.77999877929688,83.80000305175781,83.7699966430664,83.80000305175781,83.80000305175781,9522.0
2021-12-09 14:55:00-05:00,83.77999877929688,83.80999755859375,83.75,83.80000305175781,83.80000305175781,12616.0
2021-12-09 15:00:00-05:00,83.80999755859375,83.9800033569336,83.80999755859375,83.97000122070312,83.97000122070312,26868.0
2021-12-09 15:05:00-05:00,83.94999694824219,84.16999816894531,83.88999938964844,84.08999633789062,84.08999633789062,28248.0
2021-12-09 15:10:00-05:00,84.08999633789062,84.19999694824219,84.04000091552734,84.1500015258789,84.1500015258789,19425.0
2021-12-09 15:15:00-05:00,84.1449966430664,84.27999877929688,84.12999725341797,84.25,84.25,25971.0
2021-12-09 15:20:00-05:00,84.23999786376953,84.30999755859375,84.16999816894531,84.25,84.25,28410.0
2021-12-09 15:25:00-05:00,84.23500061035156,84.23500061035156,84.0199966430664,84.12999725341797,84.12999725341797,34258.0
2021-12-09 15:30:00-05:00,84.15499877929688,84.19000244140625,84.05999755859375,84.09500122070312,84.09500122070312,35872.0
2021-12-09 15:35:00-05:00,84.08999633789062,84.20999908447266,84.07499694824219,84.0999984741211,84.0999984741211,38445.0
2021-12-09 15:40:00-05:00,84.08000183105469,84.08000183105469,83.98999786376953,84.02999877929688,84.02999877929688,42966.0
2021-12-09 15:45:00-05:00,84.04000091552734,84.0999984741211,83.93000030517578,83.94000244140625,83.94000244140625,33315.0
2021-12-09 15:50:00-05:00,83.91999816894531,84.01000213623047,83.875,83.88999938964844,83.88999938964844,59951.0
2021-12-09 15:55:00-05:00,83.91999816894531,83.94999694824219,83.70999908447266,83.76000213623047,83.76000213623047,147019.0
2021-12-10 09:30:00-05:00,84.25,84.25,83.83999633789062,83.9800033569336,83.9800033569336,44636.0
2021-12-10 09:35:00-05:00,83.9800033569336,84.12000274658203,83.79000091552734,83.91999816894531,83.91999816894531,12282.0
2021-12-10 09:40:00-05:00,83.91999816894531,84.48650360107422,83.86000061035156,84.4800033569336,84.4800033569336,25685.0
2021-12-10 09:45:00-05:00,84.47859954833984,84.55000305175781,84.23999786376953,84.37999725341797,84.37999725341797,23841.0
2021-12-10 09:50:00-05:00,84.44999694824219,84.4800033569336,84.1500015258789,84.38999938964844,84.38999938964844,22185.0
2021-12-10 09:55:00-05:00,84.41999816894531,84.4800033569336,84.20999908447266,84.31999969482422,84.31999969482422,19928.0
2021-12-10 10:00:00-05:00,84.27999877929688,84.33999633789062,83.87000274658203,84.01000213623047,84.01000213623047,20165.0
2021-12-10 10:05:00-05:00,84.04000091552734,84.20999908447266,83.97000122070312,84.18000030517578,84.18000030517578,15728.0
2021-12-10 10:10:00-05:00,84.13999938964844,84.13999938964844,83.94999694824219,84.12000274658203,84.12000274658203,21933.0
2021-12-10 10:15:00-05:00,84.1050033569336,84.2699966430664,84.1050033569336,84.20999908447266,84.20999908447266,19296.0
2021-12-10 10:20:00-05:00,84.19999694824219,84.22000122070312,84.0999984741211,84.16999816894531,84.16999816894531,7229.0
2021-12-10 10:25:00-05:00,84.18499755859375,84.30999755859375,84.13999938964844,84.20999908447266,84.20999908447266,20084.0
2021-12-10 10:30:00-05:00,84.2300033569336,84.33000183105469,84.19000244140625,84.20500183105469,84.20500183105469,9595.0
2021-12-10 10:35:00-05:00,84.19999694824219,84.22000122070312,84.12999725341797,84.19290161132812,84.19290161132812,15941.0
2021-12-10 10:40:00-05:00,84.16999816894531,84.23999786376953,84.0999984741211,84.20999908447266,84.20999908447266,23349.0
2021-12-10 10:45:00-05:00,84.20999908447266,84.2699966430664,84.18000030517578,84.26260375976562,84.26260375976562,10696.0
2021-12-10 10:50:00-05:00,84.25,84.25,84.13999938964844,84.20999908447266,84.20999908447266,13114.0
2021-12-10 10:55:00-05:00,84.20999908447266,84.2699966430664,84.1449966430664,84.16999816894531,84.16999816894531,13354.0
2021-12-10 11:00:00-05:00,84.1449966430664,84.23999786376953,84.12999725341797,84.2300033569336,84.2300033569336,14692.0
2021-12-10 11:05:00-05:00,84.2300033569336,84.2300033569336,84.05000305175781,84.11000061035156,84.11000061035156,28004.0
2021-12-10 11:10:00-05:00,84.1050033569336,84.1050033569336,83.8499984741211,83.9800033569336,83.9800033569336,26315.0
2021-12-10 11:15:00-05:00,83.97000122070312,83.97000122070312,83.61000061035156,83.63500213623047,83.63500213623047,19257.0
2021-12-10 11:20:00-05:00,83.63500213623047,84.0,83.56999969482422,83.95999908447266,83.95999908447266,33016.0
2021-12-10 11:25:00-05:00,83.98500061035156,83.98500061035156,83.91000366210938,83.97000122070312,83.97000122070312,13327.0
2021-12-10 11:30:00-05:00,83.94999694824219,84.0999984741211,83.93000030517578,83.95999908447266,83.95999908447266,21019.0
2021-12-10 11:35:00-05:00,83.94000244140625,84.1500015258789,83.94000244140625,84.12000274658203,84.12000274658203,25200.0
2021-12-10 11:40:00-05:00,84.125,84.16000366210938,83.91000366210938,84.02999877929688,84.02999877929688,36896.0
2021-12-10 11:45:00-05:00,84.0199966430664,84.05000305175781,83.95500183105469,84.01000213623047,84.01000213623047,27222.0
2021-12-10 11:50:00-05:00,84.01000213623047,84.13999938964844,83.94999694824219,84.08999633789062,84.08999633789062,30530.0
2021-12-10 11:55:00-05:00,84.08000183105469,84.08000183105469,83.87999725341797,83.95999908447266,83.95999908447266,23380.0
2021-12-10 12:00:00-05:00,84.0,84.22000122070312,83.76000213623047,84.19000244140625,84.19000244140625,51020.0
2021-12-10 12:05:00-05:00,84.18000030517578,84.19999694824219,84.02999877929688,84.05999755859375,84.05999755859375,30374.0
2021-12-10 12:10:00-05:00,84.05000305175781,84.11000061035156,83.91999816894531,83.91999816894531,83.91999816894531,25130.0
2021-12-10 12:15:00-05:00,83.94999694824219,84.05000305175781,83.7300033569336,83.79499816894531,83.79499816894531,50233.0
2021-12-10 12:20:00-05:00,83.81999969482422,83.87000274658203,83.69000244140625,83.72000122070312,83.72000122070312,21815.0
2021-12-10 12:25:00-05:00,83.73999786376953,83.86000061035156,83.71499633789062,83.83999633789062,83.83999633789062,14517.0
2021-12-10 12:30:00-05:00,83.83999633789062,83.87000274658203,83.77999877929688,83.79000091552734,83.79000091552734,14091.0
2021-12-10 12:35:00-05:00,83.76000213623047,83.86000061035156,83.69999694824219,83.80999755859375,83.80999755859375,13205.0
2021-12-10 12:40:00-05:00,83.80000305175781,84.25,83.76000213623047,84.12000274658203,84.12000274658203,69880.0
2021-12-10 12:45:00-05:00,84.08999633789062,84.08999633789062,83.93000030517578,83.94499969482422,83.94499969482422,10681.0
2021-12-10 12:50:00-05:00,83.94999694824219,84.08999633789062,83.93000030517578,83.93000030517578,83.93000030517578,8551.0
2021-12-10 12:55:00-05:00,83.93000030517578,83.94000244140625,83.87000274658203,83.87000274658203,83.87000274658203,6727.0
2021-12-10 13:00:00-05:00,83.87999725341797,84.02999877929688,83.87999725341797,84.01000213623047,84.01000213623047,8625.0
2021-12-10 13:05:00-05:00,84.01000213623047,84.0199966430664,83.94000244140625,83.98999786376953,83.98999786376953,10974.0
2021-12-10 13:10:00-05:00,84.00499725341797,84.00499725341797,83.94000244140625,83.94999694824219,83.94999694824219,4622.0
2021-12-10 13:15:00-05:00,83.95999908447266,83.9800033569336,83.93000030517578,83.95999908447266,83.95999908447266,9067.0
2021-12-10 13:20:00-05:00,83.9749984741211,83.9749984741211,83.88999938964844,83.94999694824219,83.94999694824219,8595.0
2021-12-10 13:25:00-05:00,83.94000244140625,83.99970245361328,83.93000030517578,83.96499633789062,83.96499633789062,8951.0
2021-12-10 13:30:00-05:00,83.9749984741211,83.9749984741211,83.91000366210938,83.94499969482422,83.94499969482422,15120.0
2021-12-10 13:35:00-05:00,83.9749984741211,84.05000305175781,83.91999816894531,83.91999816894531,83.91999816894531,11961.0
2021-12-10 13:40:00-05:00,83.93499755859375,83.93499755859375,83.83000183105469,83.87999725341797,83.87999725341797,14372.0
2021-12-10 13:45:00-05:00,83.88999938964844,83.95999908447266,83.8499984741211,83.86000061035156,83.86000061035156,9749.0
2021-12-10 13:50:00-05:00,83.86000061035156,83.94000244140625,83.80999755859375,83.83999633789062,83.83999633789062,11196.0
2021-12-10 13:55:00-05:00,83.82499694824219,83.91000366210938,83.81999969482422,83.91000366210938,83.91000366210938,12172.0
2021-12-10 14:00:00-05:00,83.91000366210938,83.91999816894531,83.80999755859375,83.8499984741211,83.8499984741211,13709.0
2021-12-10 14:05:00-05:00,83.83999633789062,83.90499877929688,83.81999969482422,83.87999725341797,83.87999725341797,13461.0
2021-12-10 14:10:00-05:00,83.87999725341797,84.0,83.86000061035156,84.0,84.0,12594.0
2021-12-10 14:15:00-05:00,83.99579620361328,84.07959747314453,83.9800033569336,84.05000305175781,84.05000305175781,25676.0
2021-12-10 14:20:00-05:00,84.05500030517578,84.22000122070312,84.05500030517578,84.22000122070312,84.22000122070312,14608.0
2021-12-10 14:25:00-05:00,84.23999786376953,84.38999938964844,84.19999694824219,84.38999938964844,84.38999938964844,27695.0
2021-12-10 14:30:00-05:00,84.38999938964844,84.3949966430664,84.2699966430664,84.34500122070312,84.34500122070312,23774.0
2021-12-10 14:35:00-05:00,84.3550033569336,84.37000274658203,84.27999877929688,84.34010314941406,84.34010314941406,19728.0
2021-12-10 14:40:00-05:00,84.35679626464844,84.36000061035156,84.30000305175781,84.30999755859375,84.30999755859375,16621.0
2021-12-10 14:45:00-05:00,84.30999755859375,84.37000274658203,84.30000305175781,84.33000183105469,84.33000183105469,12689.0
2021-12-10 14:50:00-05:00,84.33999633789062,84.34760284423828,84.19999694824219,84.20999908447266,84.20999908447266,12531.0
2021-12-10 14:55:00-05:00,84.19999694824219,84.2699966430664,84.12000274658203,84.13999938964844,84.13999938964844,24786.0
2021-12-10 15:00:00-05:00,84.12000274658203,84.19499969482422,84.11000061035156,84.18900299072266,84.18900299072266,18804.0
2021-12-10 15:05:00-05:00,84.16999816894531,84.16999816894531,84.08999633789062,84.12999725341797,84.12999725341797,15117.0
2021-12-10 15:10:00-05:00,84.12000274658203,84.1447982788086,84.04000091552734,84.11000061035156,84.11000061035156,15235.0
2021-12-10 15:15:00-05:00,84.0999984741211,84.12999725341797,84.03990173339844,84.12999725341797,84.12999725341797,13432.0
2021-12-10 15:20:00-05:00,84.12000274658203,84.18000030517578,84.11000061035156,84.11000061035156,84.11000061035156,17401.0
2021-12-10 15:25:00-05:00,84.11000061035156,84.15499877929688,84.0999984741211,84.13999938964844,84.13999938964844,15124.0
2021-12-10 15:30:00-05:00,84.1449966430664,84.2249984741211,84.11000061035156,84.2249984741211,84.2249984741211,22851.0
2021-12-10 15:35:00-05:00,84.25,84.27799987792969,84.13999938964844,84.2249984741211,84.2249984741211,38664.0
2021-12-10 15:40:00-05:00,84.20999908447266,84.2300033569336,84.1500015258789,84.18479919433594,84.18479919433594,26621.0
2021-12-10 15:45:00-05:00,84.18000030517578,84.24500274658203,84.16000366210938,84.19000244140625,84.19000244140625,42710.0
2021-12-10 15:50:00-05:00,84.19999694824219,84.2300033569336,84.04000091552734,84.07499694824219,84.07499694824219,70524.0
2021-12-10 15:55:00-05:00,84.06999969482422,84.125,84.04000091552734,84.11000061035156,84.11000061035156,121229.0
2021-12-13 09:30:00-05:00,83.72000122070312,84.08999633789062,83.68000030517578,83.98999786376953,83.98999786376953,69590.0
2021-12-13 09:35:00-05:00,83.93099975585938,84.01000213623047,83.68000030517578,83.75,83.75,25641.0
2021-12-13 09:40:00-05:00,83.74500274658203,83.88999938964844,83.37999725341797,83.37999725341797,83.37999725341797,19584.0
2021-12-13 09:45:00-05:00,83.37999725341797,83.6050033569336,83.22000122070312,83.6050033569336,83.6050033569336,43672.0
2021-12-13 09:50:00-05:00,83.63999938964844,83.66500091552734,83.49500274658203,83.53500366210938,83.53500366210938,20385.0
2021-12-13 09:55:00-05:00,83.52999877929688,83.87999725341797,83.52999877929688,83.79000091552734,83.79000091552734,48878.0
2021-12-13 10:00:00-05:00,83.70999908447266,83.81999969482422,83.53500366210938,83.61499786376953,83.61499786376953,23664.0
2021-12-13 10:05:00-05:00,83.61499786376953,83.75,83.58999633789062,83.70999908447266,83.70999908447266,30560.0
2021-12-13 10:10:00-05:00,83.66000366210938,83.79000091552734,83.61000061035156,83.7699966430664,83.7699966430664,21870.0
2021-12-13 10:15:00-05:00,83.7699966430664,83.94000244140625,83.69999694824219,83.90239715576172,83.90239715576172,18058.0
2021-12-13 10:20:00-05:00,83.94000244140625,83.98999786376953,83.88999938964844,83.93000030517578,83.93000030517578,18817.0
2021-12-13 10:25:00-05:00,83.93000030517578,83.95999908447266,83.80000305175781,83.88200378417969,83.88200378417969,13672.0
2021-12-13 10:30:00-05:00,83.87000274658203,84.0,83.8499984741211,83.9800033569336,83.9800033569336,19310.0
2021-12-13 10:35:00-05:00,84.0,84.08999633789062,83.94000244140625,83.94000244140625,83.94000244140625,14501.0
2021-12-13 10:40:00-05:00,83.91999816894531,83.91999816894531,83.80999755859375,83.81999969482422,83.81999969482422,18571.0
2021-12-13 10:45:00-05:00,83.7699966430664,84.0,83.7699966430664,83.98999786376953,83.98999786376953,12411.0
2021-12-13 10:50:00-05:00,84.02200317382812,84.03500366210938,83.91999816894531,84.01000213623047,84.01000213623047,18268.0
2021-12-13 10:55:00-05:00,84.0,84.01000213623047,83.76000213623047,83.87000274658203,83.87000274658203,21004.0
2021-12-13 11:00:00-05:00,83.86000061035156,84.0199966430664,83.86000061035156,84.0,84.0,12370.0
2021-12-13 11:05:00-05:00,83.94999694824219,84.11000061035156,83.94999694824219,84.08000183105469,84.08000183105469,19592.0
2021-12-13 11:10:00-05:00,84.05000305175781,84.20999908447266,84.0,84.19499969482422,84.19499969482422,19327.0
2021-12-13 11:15:00-05:00,84.19000244140625,84.37999725341797,84.16999816894531,84.3655014038086,84.3655014038086,25085.0
2021-12-13 11:20:00-05:00,84.36499786376953,84.37999725341797,84.23999786376953,84.2750015258789,84.2750015258789,24147.0
2021-12-13 11:25:00-05:00,84.27999877929688,84.45999908447266,84.27999877929688,84.3949966430664,84.3949966430664,24829.0
2021-12-13 11:30:00-05:00,84.37999725341797,84.6500015258789,84.37000274658203,84.61000061035156,84.61000061035156,32497.0
2021-12-13 11:35:00-05:00,84.61000061035156,84.79000091552734,84.61000061035156,84.75,84.75,26155.0
2021-12-13 11:40:00-05:00,84.72000122070312,84.91000366210938,84.70999908447266,84.87000274658203,84.87000274658203,55867.0
2021-12-13 11:45:00-05:00,84.86499786376953,84.94000244140625,84.69999694824219,84.7699966430664,84.7699966430664,49869.0
2021-12-13 11:50:00-05:00,84.73999786376953,84.73999786376953,84.5510025024414,84.66999816894531,84.66999816894531,14157.0
2021-12-13 11:55:00-05:00,84.68000030517578,84.82499694824219,84.65450286865234,84.80999755859375,84.80999755859375,28186.0
2021-12-13 12:00:00-05:00,84.83000183105469,84.87999725341797,84.77999877929688,84.83999633789062,84.83999633789062,25287.0
2021-12-13 12:05:00-05:00,84.83499908447266,84.90989685058594,84.83499908447266,84.83999633789062,84.83999633789062,17633.0
2021-12-13 12:10:00-05:00,84.84100341796875,84.95999908447266,84.79000091552734,84.80999755859375,84.80999755859375,31868.0
2021-12-13 12:15:00-05:00,84.80999755859375,84.81500244140625,84.69000244140625,84.73999786376953,84.73999786376953,19474.0
2021-12-13 12:20:00-05:00,84.75499725341797,84.75499725341797,84.68000030517578,84.69000244140625,84.69000244140625,12024.0
2021-12-13 12:25:00-05:00,84.69499969482422,84.76499938964844,84.68000030517578,84.75,84.75,10195.0
2021-12-13 12:30:00-05:00,84.70999908447266,84.72000122070312,84.58999633789062,84.66999816894531,84.66999816894531,11506.0
2021-12-13 12:35:00-05:00,84.66999816894531,84.88999938964844,84.66999816894531,84.86000061035156,84.86000061035156,23871.0
2021-12-13 12:40:00-05:00,84.8499984741211,84.87000274658203,84.79000091552734,84.79000091552734,84.79000091552734,17084.0
2021-12-13 12:45:00-05:00,84.80000305175781,84.8197021484375,84.69000244140625,84.80000305175781,84.80000305175781,18840.0
2021-12-13 12:50:00-05:00,84.81999969482422,84.91000366210938,84.80999755859375,84.91000366210938,84.91000366210938,16675.0
2021-12-13 12:55:00-05:00,84.9000015258789,84.91000366210938,84.83999633789062,84.87000274658203,84.87000274658203,10222.0
2021-12-13 13:00:00-05:00,84.87999725341797,84.87999725341797,84.80999755859375,84.86000061035156,84.86000061035156,12822.0
2021-12-13 13:05:00-05:00,84.86000061035156,84.9000015258789,84.86000061035156,84.87000274658203,84.87000274658203,9751.0
2021-12-13 13:10:00-05:00,84.87000274658203,84.87999725341797,84.7699966430664,84.79000091552734,84.79000091552734,16107.0
2021-12-13 13:15:00-05:00,84.77999877929688,84.78500366210938,84.72000122070312,84.7699966430664,84.7699966430664,12166.0
2021-12-13 13:20:00-05:00,84.7699966430664,84.8499984741211,84.73500061035156,84.73500061035156,84.73500061035156,17591.0
2021-12-13 13:25:00-05:00,84.69999694824219,84.8499984741211,84.69999694824219,84.8499984741211,84.8499984741211,9914.0
2021-12-13 13:30:00-05:00,84.83999633789062,84.83999633789062,84.7699966430664,84.83000183105469,84.83000183105469,12038.0
2021-12-13 13:35:00-05:00,84.84500122070312,84.8949966430664,84.80000305175781,84.80500030517578,84.80500030517578,12876.0
2021-12-13 13:40:00-05:00,84.80999755859375,84.87999725341797,84.80000305175781,84.86000061035156,84.86000061035156,17130.0
2021-12-13 13:45:00-05:00,84.86000061035156,84.86000061035156,84.80999755859375,84.81999969482422,84.81999969482422,11218.0
2021-12-13 13:50:00-05:00,84.80999755859375,84.80999755859375,84.76000213623047,84.7699966430664,84.7699966430664,11274.0
2021-12-13 13:55:00-05:00,84.7699966430664,84.95999908447266,84.7699966430664,84.93000030517578,84.93000030517578,23885.0
2021-12-13 14:00:00-05:00,84.93000030517578,84.94000244140625,84.88999938964844,84.91999816894531,84.91999816894531,20604.0
2021-12-13 14:05:00-05:00,84.91000366210938,84.94999694824219,84.8949966430664,84.93000030517578,84.93000030517578,20578.0
2021-12-13 14:10:00-05:00,84.93000030517578,84.95999908447266,84.91999816894531,84.95500183105469,84.95500183105469,12594.0
2021-12-13 14:15:00-05:00,84.96499633789062,84.97000122070312,84.8499984741211,84.93000030517578,84.93000030517578,15537.0
2021-12-13 14:20:00-05:00,84.93000030517578,84.9717025756836,84.93000030517578,84.97000122070312,84.97000122070312,15590.0
2021-12-13 14:25:00-05:00,84.9749984741211,85.16000366210938,84.9749984741211,85.16000366210938,85.16000366210938,74795.0
2021-12-13 14:30:00-05:00,85.16500091552734,85.18499755859375,85.08000183105469,85.1050033569336,85.1050033569336,20494.0
2021-12-13 14:35:00-05:00,85.11000061035156,85.1500015258789,85.08000183105469,85.12000274658203,85.12000274658203,19685.0
2021-12-13 14:40:00-05:00,85.12000274658203,85.16999816894531,85.08999633789062,85.16999816894531,85.16999816894531,17146.0
2021-12-13 14:45:00-05:00,85.17500305175781,85.22000122070312,85.1500015258789,85.21499633789062,85.21499633789062,33229.0
2021-12-13 14:50:00-05:00,85.21499633789062,85.30999755859375,85.21499633789062,85.29000091552734,85.29000091552734,22633.0
2021-12-13 14:55:00-05:00,85.28500366210938,85.3499984741211,85.23999786376953,85.3499984741211,85.3499984741211,28558.0
2021-12-13 15:00:00-05:00,85.33999633789062,85.37000274658203,85.2300033569336,85.30000305175781,85.30000305175781,72171.0
2021-12-13 15:05:00-05:00,85.33999633789062,85.3499984741211,85.1500015258789,85.1500015258789,85.1500015258789,15592.0
2021-12-13 15:10:00-05:00,85.12999725341797,85.22000122070312,85.02999877929688,85.22000122070312,85.22000122070312,28069.0
2021-12-13 15:15:00-05:00,85.20999908447266,85.2300033569336,85.13999938964844,85.16500091552734,85.16500091552734,30167.0
2021-12-13 15:20:00-05:00,85.18000030517578,85.30000305175781,85.12000274658203,85.30000305175781,85.30000305175781,24049.0
2021-12-13 15:25:00-05:00,85.30259704589844,85.33999633789062,85.25,85.25,85.25,35291.0
2021-12-13 15:30:00-05:00,85.25499725341797,85.3499984741211,85.2300033569336,85.33000183105469,85.33000183105469,41322.0
2021-12-13 15:35:00-05:00,85.33999633789062,85.36000061035156,85.19999694824219,85.25,85.25,57318.0
2021-12-13 15:40:00-05:00,85.26000213623047,85.38999938964844,85.16000366210938,85.18000030517578,85.18000030517578,58671.0
2021-12-13 15:45:00-05:00,85.18000030517578,85.2699966430664,85.1500015258789,85.1500015258789,85.1500015258789,50049.0
2021-12-13 15:50:00-05:00,85.1500015258789,85.16000366210938,85.04000091552734,85.13500213623047,85.13500213623047,82375.0
2021-12-13 15:55:00-05:00,85.13999938964844,85.1500015258789,84.9000015258789,84.94000244140625,84.94000244140625,160026.0
2021-12-14 09:30:00-05:00,85.25,86.16999816894531,84.8499984741211,85.97000122070312,85.97000122070312,156760.0
2021-12-14 09:35:00-05:00,85.97000122070312,86.12999725341797,85.41999816894531,85.56999969482422,85.56999969482422,44774.0
2021-12-14 09:40:00-05:00,85.57099914550781,85.8499984741211,85.54000091552734,85.73999786376953,85.73999786376953,34296.0
2021-12-14 09:45:00-05:00,85.76000213623047,85.7699966430664,85.55000305175781,85.68000030517578,85.68000030517578,31866.0
2021-12-14 09:50:00-05:00,85.72000122070312,86.08000183105469,85.72000122070312,86.05999755859375,86.05999755859375,73698.0
2021-12-14 09:55:00-05:00,86.06500244140625,86.37000274658203,85.77999877929688,85.91190338134766,85.91190338134766,119253.0
2021-12-14 10:00:00-05:00,85.8499984741211,86.1500015258789,85.83000183105469,86.13500213623047,86.13500213623047,36467.0
2021-12-14 10:05:00-05:00,86.0999984741211,86.0999984741211,85.91000366210938,85.93499755859375,85.93499755859375,43462.0
2021-12-14 10:10:00-05:00,85.88999938964844,86.0999984741211,85.88999938964844,86.08999633789062,86.08999633789062,30466.0
2021-12-14 10:15:00-05:00,86.05999755859375,86.0999984741211,85.80999755859375,85.88999938964844,85.88999938964844,29781.0
2021-12-14 10:20:00-05:00,85.88999938964844,86.0,85.83000183105469,85.91500091552734,85.91500091552734,20538.0
2021-12-14 10:25:00-05:00,85.88999938964844,86.2300033569336,85.88999938964844,86.20999908447266,86.20999908447266,20728.0
2021-12-14 10:30:00-05:00,86.2300033569336,86.2300033569336,86.0199966430664,86.08000183105469,86.08000183105469,29477.0
2021-12-14 10:35:00-05:00,86.07499694824219,86.30000305175781,86.07499694824219,86.15499877929688,86.15499877929688,27744.0
2021-12-14 10:40:00-05:00,86.18000030517578,86.19999694824219,86.08000183105469,86.15499877929688,86.15499877929688,14345.0
2021-12-14 10:45:00-05:00,86.12999725341797,86.16500091552734,86.02999877929688,86.08000183105469,86.08000183105469,15342.0
2021-12-14 10:50:00-05:00,86.08999633789062,86.29000091552734,86.08999633789062,86.16000366210938,86.16000366210938,22970.0
2021-12-14 10:55:00-05:00,86.11799621582031,86.31500244140625,86.11799621582031,86.27999877929688,86.27999877929688,25708.0
2021-12-14 11:00:00-05:00,86.30000305175781,86.41000366210938,86.25,86.30000305175781,86.30000305175781,24447.0
2021-12-14 11:05:00-05:00,86.31999969482422,86.4000015258789,86.2864990234375,86.3499984741211,86.3499984741211,23495.0
2021-12-14 11:10:00-05:00,86.36000061035156,86.42500305175781,86.30000305175781,86.4000015258789,86.4000015258789,17963.0
2021-12-14 11:15:00-05:00,86.4000015258789,86.41999816894531,86.28099822998047,86.3499984741211,86.3499984741211,23399.0
2021-12-14 11:20:00-05:00,86.33999633789062,86.33999633789062,86.25,86.2699966430664,86.2699966430664,17996.0
2021-12-14 11:25:00-05:00,86.2699966430664,86.27999877929688,86.02999877929688,86.02999877929688,86.02999877929688,12357.0
2021-12-14 11:30:00-05:00,86.05000305175781,86.12000274658203,85.97000122070312,86.01000213623047,86.01000213623047,15945.0
2021-12-14 11:35:00-05:00,86.0,86.13999938964844,85.95999908447266,86.12999725341797,86.12999725341797,17146.0
2021-12-14 11:40:00-05:00,86.12000274658203,86.22000122070312,86.05000305175781,86.22000122070312,86.22000122070312,13569.0
2021-12-14 11:45:00-05:00,86.20999908447266,86.30999755859375,86.18000030517578,86.28500366210938,86.28500366210938,14585.0
2021-12-14 11:50:00-05:00,86.2699966430664,86.38999938964844,86.2699966430664,86.3499984741211,86.3499984741211,18802.0
2021-12-14 11:55:00-05:00,86.33000183105469,86.33000183105469,86.2699966430664,86.30999755859375,86.30999755859375,15010.0
2021-12-14 12:00:00-05:00,86.29000091552734,86.30000305175781,86.19000244140625,86.29000091552734,86.29000091552734,12653.0
2021-12-14 12:05:00-05:00,86.30000305175781,86.37000274658203,86.25,86.25,86.25,20289.0
2021-12-14 12:10:00-05:00,86.25,86.25,86.0999984741211,86.18000030517578,86.18000030517578,14148.0
2021-12-14 12:15:00-05:00,86.1500015258789,86.20500183105469,86.12000274658203,86.18499755859375,86.18499755859375,15324.0
2021-12-14 12:20:00-05:00,86.19000244140625,86.2750015258789,86.12000274658203,86.12000274658203,86.12000274658203,12981.0
2021-12-14 12:25:00-05:00,86.0999984741211,86.29000091552734,86.0999984741211,86.29000091552734,86.29000091552734,10490.0
2021-12-14 12:30:00-05:00,86.2699966430664,86.2699966430664,86.18000030517578,86.19999694824219,86.19999694824219,9722.0
2021-12-14 12:35:00-05:00,86.20999908447266,86.2300033569336,86.13999938964844,86.1500015258789,86.1500015258789,11485.0
2021-12-14 12:40:00-05:00,86.16999816894531,86.16999816894531,86.06999969482422,86.13500213623047,86.13500213623047,10909.0
2021-12-14 12:45:00-05:00,86.1458969116211,86.18499755859375,86.04000091552734,86.08000183105469,86.08000183105469,12340.0
2021-12-14 12:50:00-05:00,86.0719985961914,86.11000061035156,86.02999877929688,86.06999969482422,86.06999969482422,12786.0
2021-12-14 12:55:00-05:00,86.07499694824219,86.12989807128906,86.05000305175781,86.11000061035156,86.11000061035156,9816.0
2021-12-14 13:00:00-05:00,86.12000274658203,86.18990325927734,86.08999633789062,86.1500015258789,86.1500015258789,14404.0
2021-12-14 13:05:00-05:00,86.16000366210938,86.16000366210938,86.06999969482422,86.09500122070312,86.09500122070312,11172.0
2021-12-14 13:10:00-05:00,86.09809875488281,86.16500091552734,86.04499816894531,86.05000305175781,86.05000305175781,17723.0
2021-12-14 13:15:00-05:00,86.03710174560547,86.1500015258789,86.03710174560547,86.1500015258789,86.1500015258789,10031.0
2021-12-14 13:20:00-05:00,86.15499877929688,86.15499877929688,86.06340026855469,86.06340026855469,86.06340026855469,12842.0
2021-12-14 13:25:00-05:00,86.05999755859375,86.0999984741211,86.05500030517578,86.08999633789062,86.08999633789062,7577.0
2021-12-14 13:30:00-05:00,86.08000183105469,86.0999984741211,85.95999908447266,85.98999786376953,85.98999786376953,33045.0
2021-12-14 13:35:00-05:00,85.9800033569336,86.0199966430664,85.9000015258789,85.93000030517578,85.93000030517578,11799.0
2021-12-14 13:40:00-05:00,85.91999816894531,86.0,85.91999816894531,85.98999786376953,85.98999786376953,26098.0
2021-12-14 13:45:00-05:00,85.98999786376953,86.0199966430664,85.9800033569336,86.0,86.0,12173.0
2021-12-14 13:50:00-05:00,85.98999786376953,86.03500366210938,85.94999694824219,85.95500183105469,85.95500183105469,22721.0
2021-12-14 13:55:00-05:00,85.95500183105469,85.9800033569336,85.91999816894531,85.93000030517578,85.93000030517578,37976.0
2021-12-14 14:00:00-05:00,85.91999816894531,86.0,85.80899810791016,86.0,86.0,16761.0
2021-12-14 14:05:00-05:00,85.98999786376953,86.05999755859375,85.88999938964844,86.04000091552734,86.04000091552734,18822.0
2021-12-14 14:10:00-05:00,86.05000305175781,86.05000305175781,85.91999816894531,85.91999816894531,85.91999816894531,20622.0
2021-12-14 14:15:00-05:00,85.93000030517578,85.94999694824219,85.83000183105469,85.88999938964844,85.88999938964844,12694.0
2021-12-14 14:20:00-05:00,85.88999938964844,85.91500091552734,85.83999633789062,85.86000061035156,85.86000061035156,15653.0
2021-12-14 14:25:00-05:00,85.86000061035156,85.87999725341797,85.81999969482422,85.86000061035156,85.86000061035156,15473.0
2021-12-14 14:30:00-05:00,85.8499984741211,85.86000061035156,85.77999877929688,85.83999633789062,85.83999633789062,28916.0
2021-12-14 14:35:00-05:00,85.83999633789062,85.83999633789062,85.72000122070312,85.73999786376953,85.73999786376953,26209.0
2021-12-14 14:40:00-05:00,85.76000213623047,85.83999633789062,85.72000122070312,85.7750015258789,85.7750015258789,28918.0
2021-12-14 14:45:00-05:00,85.7750015258789,85.83000183105469,85.69499969482422,85.73999786376953,85.73999786376953,23326.0
2021-12-14 14:50:00-05:00,85.70999908447266,85.81999969482422,85.69000244140625,85.75,85.75,27008.0
2021-12-14 14:55:00-05:00,85.73999786376953,85.87000274658203,85.73600006103516,85.87000274658203,85.87000274658203,19052.0
2021-12-14 15:00:00-05:00,85.8550033569336,85.87999725341797,85.81999969482422,85.83999633789062,85.83999633789062,13907.0
2021-12-14 15:05:00-05:00,85.83000183105469,85.87000274658203,85.79000091552734,85.87000274658203,85.87000274658203,43063.0
2021-12-14 15:10:00-05:00,85.8572998046875,85.91000366210938,85.79000091552734,85.87000274658203,85.87000274658203,25252.0
2021-12-14 15:15:00-05:00,85.88999938964844,85.91500091552734,85.86000061035156,85.9000015258789,85.9000015258789,15895.0
2021-12-14 15:20:00-05:00,85.88999938964844,85.93000030517578,85.80999755859375,85.81999969482422,85.81999969482422,25900.0
2021-12-14 15:25:00-05:00,85.81999969482422,85.91999816894531,85.80999755859375,85.91999816894531,85.91999816894531,17692.0
2021-12-14 15:30:00-05:00,85.91000366210938,85.91000366210938,85.79000091552734,85.8499984741211,85.8499984741211,38097.0
2021-12-14 15:35:00-05:00,85.86000061035156,86.0999984741211,85.83999633789062,86.07499694824219,86.07499694824219,33103.0
2021-12-14 15:40:00-05:00,86.05999755859375,86.05999755859375,85.9000015258789,85.98999786376953,85.98999786376953,77540.0
2021-12-14 15:45:00-05:00,85.9800033569336,85.98999786376953,85.75,85.75,85.75,32902.0
2021-12-14 15:50:00-05:00,85.76000213623047,85.8949966430664,85.73999786376953,85.83999633789062,85.83999633789062,101414.0
2021-12-14 15:55:00-05:00,85.84500122070312,85.9000015258789,85.75,85.79000091552734,85.79000091552734,337560.0
2021-12-15 09:30:00-05:00,85.77999877929688,86.26000213623047,85.75,85.81500244140625,85.81500244140625,57085.0
2021-12-15 09:35:00-05:00,85.75,86.01000213623047,85.31999969482422,85.54000091552734,85.54000091552734,37556.0
2021-12-15 09:40:00-05:00,85.45999908447266,85.7300033569336,85.41999816894531,85.62999725341797,85.62999725341797,58808.0
2021-12-15 09:45:00-05:00,85.66500091552734,85.8499984741211,85.44000244140625,85.8499984741211,85.8499984741211,51876.0
2021-12-15 09:50:00-05:00,85.8499984741211,86.04000091552734,85.84500122070312,86.0,86.0,32896.0
2021-12-15 09:55:00-05:00,86.04000091552734,86.04000091552734,85.83999633789062,85.91999816894531,85.91999816894531,16795.0
2021-12-15 10:00:00-05:00,85.9800033569336,86.0999984741211,85.83000183105469,85.9800033569336,85.9800033569336,33089.0
2021-12-15 10:05:00-05:00,86.0,86.08000183105469,85.91999816894531,86.02999877929688,86.02999877929688,15722.0
2021-12-15 10:10:00-05:00,86.04000091552734,86.12999725341797,85.9000015258789,85.94000244140625,85.94000244140625,18526.0
2021-12-15 10:15:00-05:00,85.94000244140625,86.06999969482422,85.8499984741211,85.98999786376953,85.98999786376953,24480.0
2021-12-15 10:20:00-05:00,85.97000122070312,85.97000122070312,85.61000061035156,85.61000061035156,85.61000061035156,11089.0
2021-12-15 10:25:00-05:00,85.62999725341797,85.75499725341797,85.58999633789062,85.69999694824219,85.69999694824219,15480.0
2021-12-15 10:30:00-05:00,85.71499633789062,85.80000305175781,85.63999938964844,85.70999908447266,85.70999908447266,26270.0
2021-12-15 10:35:00-05:00,85.70999908447266,85.70999908447266,85.45999908447266,85.55000305175781,85.55000305175781,13999.0
2021-12-15 10:40:00-05:00,85.56999969482422,85.56999969482422,85.30000305175781,85.31500244140625,85.31500244140625,12709.0
2021-12-15 10:45:00-05:00,85.29000091552734,85.3499984741211,85.2249984741211,85.30999755859375,85.30999755859375,11859.0
2021-12-15 10:50:00-05:00,85.30000305175781,85.33000183105469,85.16999816894531,85.29000091552734,85.29000091552734,12644.0
2021-12-15 10:55:00-05:00,85.30999755859375,85.37999725341797,85.26000213623047,85.36000061035156,85.36000061035156,32741.0
2021-12-15 11:00:00-05:00,85.34500122070312,85.55500030517578,85.31999969482422,85.55500030517578,85.55500030517578,5369.0
2021-12-15 11:05:00-05:00,85.55500030517578,85.58000183105469,85.37000274658203,85.41999816894531,85.41999816894531,16163.0
2021-12-15 11:10:00-05:00,85.41000366210938,85.5,85.37000274658203,85.48999786376953,85.48999786376953,9133.0
2021-12-15 11:15:00-05:00,85.48999786376953,85.51499938964844,85.4000015258789,85.41999816894531,85.41999816894531,10735.0
2021-12-15 11:20:00-05:00,85.4000015258789,85.53060150146484,85.37000274658203,85.50499725341797,85.50499725341797,11510.0
2021-12-15 11:25:00-05:00,85.47000122070312,85.47000122070312,85.33999633789062,85.37000274658203,85.37000274658203,11410.0
2021-12-15 11:30:00-05:00,85.34500122070312,85.55999755859375,85.34500122070312,85.55999755859375,85.55999755859375,12977.0
2021-12-15 11:35:00-05:00,85.57499694824219,85.57499694824219,85.4800033569336,85.4800033569336,85.4800033569336,9594.0
2021-12-15 11:40:00-05:00,85.5,85.69999694824219,85.4800033569336,85.68000030517578,85.68000030517578,15463.0
2021-12-15 11:45:00-05:00,85.69650268554688,85.73999786376953,85.61000061035156,85.70500183105469,85.70500183105469,11065.0
2021-12-15 11:50:00-05:00,85.70999908447266,85.70999908447266,85.62670135498047,85.62670135498047,85.62670135498047,5775.0
2021-12-15 11:55:00-05:00,85.63500213623047,85.69000244140625,85.55000305175781,85.58999633789062,85.58999633789062,11205.0
2021-12-15 12:00:00-05:00,85.58000183105469,85.58000183105469,85.5009994506836,85.55000305175781,85.55000305175781,8154.0
2021-12-15 12:05:00-05:00,85.58000183105469,85.6500015258789,85.57730102539062,85.62000274658203,85.62000274658203,8475.0
2021-12-15 12:10:00-05:00,85.62999725341797,85.62999725341797,85.58000183105469,85.58999633789062,85.58999633789062,5422.0
2021-12-15 12:15:00-05:00,85.58999633789062,85.6050033569336,85.54499816894531,85.54499816894531,85.54499816894531,9586.0
2021-12-15 12:20:00-05:00,85.5199966430664,85.62999725341797,85.51000213623047,85.58000183105469,85.58000183105469,11001.0
2021-12-15 12:25:00-05:00,85.52999877929688,85.72000122070312,85.52999877929688,85.68000030517578,85.68000030517578,39579.0
2021-12-15 12:30:00-05:00,85.6500015258789,85.66829681396484,85.52999877929688,85.62000274658203,85.62000274658203,11331.0
2021-12-15 12:35:00-05:00,85.62999725341797,85.69999694824219,85.62000274658203,85.69000244140625,85.69000244140625,11131.0
2021-12-15 12:40:00-05:00,85.70269775390625,85.79000091552734,85.68000030517578,85.79000091552734,85.79000091552734,7703.0
2021-12-15 12:45:00-05:00,85.77999877929688,85.77999877929688,85.68000030517578,85.69000244140625,85.69000244140625,14096.0
2021-12-15 12:50:00-05:00,85.67500305175781,85.72000122070312,85.66000366210938,85.72000122070312,85.72000122070312,7605.0
2021-12-15 12:55:00-05:00,85.69999694824219,85.70559692382812,85.5999984741211,85.62999725341797,85.62999725341797,7880.0
2021-12-15 13:00:00-05:00,85.62999725341797,85.62999725341797,85.58000183105469,85.58999633789062,85.58999633789062,5833.0
2021-12-15 13:05:00-05:00,85.58499908447266,85.58999633789062,85.54129791259766,85.56590270996094,85.56590270996094,7996.0
2021-12-15 13:10:00-05:00,85.55999755859375,85.56999969482422,85.54000091552734,85.55999755859375,85.55999755859375,9652.0
2021-12-15 13:15:00-05:00,85.54000091552734,85.61499786376953,85.53500366210938,85.5999984741211,85.5999984741211,6764.0
2021-12-15 13:20:00-05:00,85.5999984741211,85.5999984741211,85.51689910888672,85.53500366210938,85.53500366210938,9760.0
2021-12-15 13:25:00-05:00,85.5199966430664,85.52999877929688,85.4800033569336,85.5,85.5,8539.0
2021-12-15 13:30:00-05:00,85.51000213623047,85.51499938964844,85.47000122070312,85.47000122070312,85.47000122070312,11516.0
2021-12-15 13:35:00-05:00,85.41000366210938,85.43000030517578,85.30999755859375,85.31999969482422,85.31999969482422,9631.0
2021-12-15 13:40:00-05:00,85.30999755859375,85.3499984741211,85.27999877929688,85.31999969482422,85.31999969482422,15652.0
2021-12-15 13:45:00-05:00,85.29000091552734,85.3499984741211,85.2699966430664,85.33000183105469,85.33000183105469,10787.0
2021-12-15 13:50:00-05:00,85.33999633789062,85.37000274658203,85.31999969482422,85.33999633789062,85.33999633789062,9784.0
2021-12-15 13:55:00-05:00,85.3499984741211,85.3499984741211,85.27999877929688,85.29000091552734,85.29000091552734,17234.0
2021-12-15 14:00:00-05:00,85.27999877929688,85.30999755859375,85.02999877929688,85.12000274658203,85.12000274658203,28420.0
2021-12-15 14:05:00-05:00,85.1500015258789,85.52999877929688,85.1500015258789,85.5,85.5,28640.0
2021-12-15 14:10:00-05:00,85.47000122070312,85.62000274658203,85.44000244140625,85.57499694824219,85.57499694824219,12235.0
2021-12-15 14:15:00-05:00,85.55000305175781,85.57499694824219,85.45999908447266,85.45999908447266,85.45999908447266,15172.0
2021-12-15 14:20:00-05:00,85.43000030517578,85.47000122070312,85.2699966430664,85.2699966430664,85.2699966430664,12238.0
2021-12-15 14:25:00-05:00,85.26000213623047,85.41000366210938,85.25,85.41000366210938,85.41000366210938,18316.0
2021-12-15 14:30:00-05:00,85.4000015258789,85.44000244140625,85.30000305175781,85.41999816894531,85.41999816894531,16619.0
2021-12-15 14:35:00-05:00,85.4000015258789,85.52999877929688,85.30999755859375,85.48999786376953,85.48999786376953,29470.0
2021-12-15 14:40:00-05:00,85.47000122070312,85.47000122070312,85.33999633789062,85.37999725341797,85.37999725341797,10994.0
2021-12-15 14:45:00-05:00,85.37000274658203,85.45999908447266,85.3550033569336,85.37999725341797,85.37999725341797,13499.0
2021-12-15 14:50:00-05:00,85.37000274658203,85.41999816894531,85.2699966430664,85.29000091552734,85.29000091552734,14818.0
2021-12-15 14:55:00-05:00,85.30999755859375,85.30999755859375,85.08000183105469,85.19999694824219,85.19999694824219,15656.0
2021-12-15 15:00:00-05:00,85.20999908447266,85.4000015258789,85.20999908447266,85.37999725341797,85.37999725341797,17233.0
2021-12-15 15:05:00-05:00,85.36000061035156,85.56999969482422,85.33999633789062,85.56999969482422,85.56999969482422,19257.0
2021-12-15 15:10:00-05:00,85.58000183105469,85.62000274658203,85.55000305175781,85.57319641113281,85.57319641113281,26981.0
2021-12-15 15:15:00-05:00,85.58000183105469,85.75,85.55000305175781,85.6500015258789,85.6500015258789,27821.0
2021-12-15 15:20:00-05:00,85.66999816894531,85.83999633789062,85.66999816894531,85.83000183105469,85.83000183105469,21258.0
2021-12-15 15:25:00-05:00,85.82499694824219,85.93000030517578,85.80999755859375,85.91999816894531,85.91999816894531,21784.0
2021-12-15 15:30:00-05:00,85.91999816894531,85.91999816894531,85.76000213623047,85.7699966430664,85.7699966430664,29173.0
2021-12-15 15:35:00-05:00,85.79000091552734,85.87999725341797,85.75,85.83999633789062,85.83999633789062,32726.0
2021-12-15 15:40:00-05:00,85.86000061035156,85.87000274658203,85.75,85.76000213623047,85.76000213623047,29736.0
2021-12-15 15:45:00-05:00,85.74970245361328,85.75499725341797,85.62000274658203,85.66000366210938,85.66000366210938,40387.0
2021-12-15 15:50:00-05:00,85.66999816894531,85.86000061035156,85.66999816894531,85.83000183105469,85.83000183105469,51169.0
2021-12-15 15:55:00-05:00,85.83000183105469,85.97000122070312,85.80999755859375,85.91000366210938,85.91000366210938,125604.0
2021-12-16 09:30:00-05:00,86.4000015258789,86.49949645996094,86.04000091552734,86.1500015258789,86.1500015258789,37051.0
2021-12-16 09:35:00-05:00,86.1449966430664,86.1449966430664,85.80999755859375,85.98999786376953,85.98999786376953,19621.0
2021-12-16 09:40:00-05:00,86.08999633789062,86.23799896240234,85.95999908447266,86.22000122070312,86.22000122070312,9754.0
2021-12-16 09:45:00-05:00,86.2699966430664,86.5999984741211,86.26000213623047,86.5199966430664,86.5199966430664,22764.0
2021-12-16 09:50:00-05:00,86.5199966430664,86.6500015258789,86.37000274658203,86.4749984741211,86.4749984741211,23136.0
2021-12-16 09:55:00-05:00,86.44000244140625,86.66000366210938,86.41999816894531,86.61009979248047,86.61009979248047,20589.0
2021-12-16 10:00:00-05:00,86.61000061035156,86.69999694824219,86.47000122070312,86.59500122070312,86.59500122070312,29628.0
2021-12-16 10:05:00-05:00,86.56999969482422,86.66999816894531,86.43499755859375,86.5199966430664,86.5199966430664,52211.0
2021-12-16 10:10:00-05:00,86.56999969482422,86.75,86.56999969482422,86.70999908447266,86.70999908447266,11548.0
2021-12-16 10:15:00-05:00,86.62000274658203,86.6500015258789,86.47000122070312,86.5,86.5,14525.0
2021-12-16 10:20:00-05:00,86.4800033569336,86.48999786376953,86.4000015258789,86.41999816894531,86.41999816894531,9192.0
2021-12-16 10:25:00-05:00,86.37999725341797,86.38999938964844,86.26000213623047,86.27120208740234,86.27120208740234,24640.0
2021-12-16 10:30:00-05:00,86.31999969482422,86.52999877929688,86.30500030517578,86.48999786376953,86.48999786376953,12918.0
2021-12-16 10:35:00-05:00,86.4800033569336,86.54789733886719,86.44999694824219,86.54789733886719,86.54789733886719,12380.0
2021-12-16 10:40:00-05:00,86.55000305175781,86.69000244140625,86.55000305175781,86.66000366210938,86.66000366210938,11487.0
2021-12-16 10:45:00-05:00,86.66999816894531,86.7300033569336,86.62000274658203,86.62999725341797,86.62999725341797,8523.0
2021-12-16 10:50:00-05:00,86.62010192871094,86.8550033569336,86.62000274658203,86.8550033569336,86.8550033569336,18556.0
2021-12-16 10:55:00-05:00,86.8499984741211,86.8499984741211,86.69100189208984,86.69999694824219,86.69999694824219,37474.0
2021-12-16 11:00:00-05:00,86.69999694824219,86.87000274658203,86.62000274658203,86.7699966430664,86.7699966430664,37862.0
2021-12-16 11:05:00-05:00,86.76000213623047,86.76000213623047,86.55999755859375,86.62999725341797,86.62999725341797,23312.0
2021-12-16 11:10:00-05:00,86.6500015258789,86.69999694824219,86.58999633789062,86.63999938964844,86.63999938964844,13190.0
2021-12-16 11:15:00-05:00,86.61000061035156,86.83000183105469,86.61000061035156,86.76000213623047,86.76000213623047,12152.0
2021-12-16 11:20:00-05:00,86.79000091552734,86.8499984741211,86.70999908447266,86.70999908447266,86.70999908447266,25853.0
2021-12-16 11:25:00-05:00,86.73999786376953,86.73999786376953,86.52999877929688,86.58000183105469,86.58000183105469,15585.0
2021-12-16 11:30:00-05:00,86.58499908447266,86.73999786376953,86.58499908447266,86.66000366210938,86.66000366210938,15602.0
2021-12-16 11:35:00-05:00,86.63999938964844,86.71990203857422,86.61000061035156,86.61000061035156,86.61000061035156,9037.0
2021-12-16 11:40:00-05:00,86.60900115966797,86.73999786376953,86.60769653320312,86.7300033569336,86.7300033569336,14865.0
2021-12-16 11:45:00-05:00,86.70999908447266,86.72000122070312,86.62000274658203,86.6500015258789,86.6500015258789,6804.0
2021-12-16 11:50:00-05:00,86.66000366210938,86.72000122070312,86.66000366210938,86.69000244140625,86.69000244140625,10600.0
2021-12-16 11:55:00-05:00,86.69999694824219,86.80999755859375,86.68000030517578,86.79000091552734,86.79000091552734,11802.0
2021-12-16 12:00:00-05:00,86.7699966430664,86.80000305175781,86.63999938964844,86.69999694824219,86.69999694824219,9588.0
2021-12-16 12:05:00-05:00,86.72000122070312,86.79000091552734,86.69000244140625,86.7300033569336,86.7300033569336,10917.0
2021-12-16 12:10:00-05:00,86.73999786376953,86.80999755859375,86.7300033569336,86.80999755859375,86.80999755859375,9829.0
2021-12-16 12:15:00-05:00,86.79499816894531,86.81999969482422,86.68000030517578,86.81999969482422,86.81999969482422,13316.0
2021-12-16 12:20:00-05:00,86.83000183105469,86.91000366210938,86.80999755859375,86.8949966430664,86.8949966430664,11689.0
2021-12-16 12:25:00-05:00,86.87999725341797,86.87999725341797,86.75,86.83000183105469,86.83000183105469,10836.0
2021-12-16 12:30:00-05:00,86.83000183105469,86.83000183105469,86.75,86.81999969482422,86.81999969482422,7802.0
2021-12-16 12:35:00-05:00,86.80999755859375,86.83000183105469,86.75,86.76000213623047,86.76000213623047,9023.0
2021-12-16 12:40:00-05:00,86.75910186767578,86.80999755859375,86.74099731445312,86.80000305175781,86.80000305175781,6423.0
2021-12-16 12:45:00-05:00,86.77999877929688,86.79000091552734,86.6709976196289,86.69999694824219,86.69999694824219,8555.0
2021-12-16 12:50:00-05:00,86.69999694824219,86.75,86.66500091552734,86.73999786376953,86.73999786376953,7197.0
2021-12-16 12:55:00-05:00,86.76000213623047,86.78399658203125,86.72000122070312,86.7300033569336,86.7300033569336,6094.0
2021-12-16 13:00:00-05:00,86.75,86.83000183105469,86.73999786376953,86.79000091552734,86.79000091552734,9099.0
2021-12-16 13:05:00-05:00,86.76000213623047,86.76000213623047,86.54730224609375,86.54730224609375,86.54730224609375,11096.0
2021-12-16 13:10:00-05:00,86.55999755859375,86.69000244140625,86.54000091552734,86.69000244140625,86.69000244140625,10038.0
2021-12-16 13:15:00-05:00,86.68000030517578,86.69000244140625,86.58000183105469,86.625,86.625,6346.0
2021-12-16 13:20:00-05:00,86.63999938964844,86.66419982910156,86.58000183105469,86.66419982910156,86.66419982910156,8475.0
2021-12-16 13:25:00-05:00,86.66000366210938,86.71499633789062,86.6500015258789,86.70999908447266,86.70999908447266,6944.0
2021-12-16 13:30:00-05:00,86.69999694824219,86.7300033569336,86.66000366210938,86.69000244140625,86.69000244140625,8898.0
2021-12-16 13:35:00-05:00,86.68499755859375,86.68499755859375,86.62999725341797,86.62999725341797,86.62999725341797,6627.0
2021-12-16 13:40:00-05:00,86.54000091552734,86.62100219726562,86.54000091552734,86.62000274658203,86.62000274658203,10195.0
2021-12-16 13:45:00-05:00,86.62999725341797,86.73999786376953,86.61000061035156,86.7300033569336,86.7300033569336,12764.0
2021-12-16 13:50:00-05:00,86.7300033569336,86.7300033569336,86.68000030517578,86.68000030517578,86.68000030517578,10237.0
2021-12-16 13:55:00-05:00,86.68000030517578,86.7300033569336,86.68000030517578,86.70999908447266,86.70999908447266,11504.0
2021-12-16 14:00:00-05:00,86.72000122070312,86.7300033569336,86.6500015258789,86.68000030517578,86.68000030517578,9344.0
2021-12-16 14:05:00-05:00,86.69000244140625,86.75499725341797,86.66999816894531,86.70999908447266,86.70999908447266,17054.0
2021-12-16 14:10:00-05:00,86.7300033569336,86.7699966430664,86.68000030517578,86.76499938964844,86.76499938964844,8592.0
2021-12-16 14:15:00-05:00,86.76000213623047,86.83999633789062,86.70999908447266,86.81819915771484,86.81819915771484,13538.0
2021-12-16 14:20:00-05:00,86.80999755859375,86.86000061035156,86.80999755859375,86.86000061035156,86.86000061035156,9109.0
2021-12-16 14:25:00-05:00,86.8550033569336,86.91220092773438,86.81999969482422,86.87000274658203,86.87000274658203,19704.0
2021-12-16 14:30:00-05:00,86.85900115966797,86.86499786376953,86.7699966430664,86.80000305175781,86.80000305175781,12995.0
2021-12-16 14:35:00-05:00,86.81500244140625,86.81500244140625,86.72000122070312,86.80000305175781,86.80000305175781,14346.0
2021-12-16 14:40:00-05:00,86.80000305175781,86.80000305175781,86.55000305175781,86.58999633789062,86.58999633789062,9132.0
2021-12-16 14:45:00-05:00,86.55999755859375,86.55999755859375,86.41000366210938,86.41000366210938,86.41000366210938,11067.0
2021-12-16 14:50:00-05:00,86.4000015258789,86.4000015258789,86.2300033569336,86.26959991455078,86.26959991455078,20150.0
2021-12-16 14:55:00-05:00,86.27999877929688,86.36000061035156,86.26000213623047,86.3499984741211,86.3499984741211,18063.0
2021-12-16 15:00:00-05:00,86.27999877929688,86.30000305175781,86.23999786376953,86.26000213623047,86.26000213623047,11706.0
2021-12-16 15:05:00-05:00,86.26000213623047,86.30000305175781,86.18000030517578,86.25,86.25,15077.0
2021-12-16 15:10:00-05:00,86.2300033569336,86.26000213623047,86.11000061035156,86.23999786376953,86.23999786376953,24023.0
2021-12-16 15:15:00-05:00,86.22000122070312,86.37000274658203,86.22000122070312,86.2926025390625,86.2926025390625,14036.0
2021-12-16 15:20:00-05:00,86.31999969482422,86.3499984741211,86.30000305175781,86.30000305175781,86.30000305175781,13866.0
2021-12-16 15:25:00-05:00,86.29000091552734,86.51000213623047,86.29000091552734,86.48999786376953,86.48999786376953,15067.0
2021-12-16 15:30:00-05:00,86.51000213623047,86.55999755859375,86.44999694824219,86.55999755859375,86.55999755859375,21681.0
2021-12-16 15:35:00-05:00,86.52999877929688,86.52999877929688,86.4000015258789,86.47000122070312,86.47000122070312,32264.0
2021-12-16 15:40:00-05:00,86.44999694824219,86.55999755859375,86.27999877929688,86.29000091552734,86.29000091552734,21390.0
2021-12-16 15:45:00-05:00,86.30000305175781,86.3197021484375,86.12000274658203,86.12000274658203,86.12000274658203,47548.0
2021-12-16 15:50:00-05:00,86.16000366210938,86.37999725341797,86.12000274658203,86.22000122070312,86.22000122070312,81255.0
2021-12-16 15:55:00-05:00,86.22000122070312,86.29000091552734,86.13099670410156,86.19000244140625,86.19000244140625,210183.0
2021-12-17 09:30:00-05:00,86.30000305175781,86.61000061035156,86.30000305175781,86.52999877929688,86.52999877929688,340988.0
2021-12-17 09:35:00-05:00,86.58999633789062,86.58999633789062,86.27999877929688,86.38999938964844,86.38999938964844,11117.0
2021-12-17 09:40:00-05:00,86.30000305175781,86.36000061035156,86.08000183105469,86.3499984741211,86.3499984741211,8606.0
2021-12-17 09:45:00-05:00,86.4000015258789,86.43000030517578,86.06999969482422,86.06999969482422,86.06999969482422,30118.0
2021-12-17 09:50:00-05:00,86.06999969482422,86.06999969482422,85.66000366210938,85.66999816894531,85.66999816894531,19070.0
2021-12-17 09:55:00-05:00,85.6500015258789,85.69000244140625,85.38999938964844,85.58000183105469,85.58000183105469,17994.0
2021-12-17 10:00:00-05:00,85.51000213623047,85.6500015258789,85.46499633789062,85.5,85.5,18409.0
2021-12-17 10:05:00-05:00,85.52999877929688,85.87000274658203,85.52999877929688,85.7699966430664,85.7699966430664,17906.0
2021-12-17 10:10:00-05:00,85.78500366210938,85.8499984741211,85.66010284423828,85.73999786376953,85.73999786376953,14149.0
2021-12-17 10:15:00-05:00,85.80000305175781,85.87000274658203,85.62999725341797,85.73999786376953,85.73999786376953,22685.0
2021-12-17 10:20:00-05:00,85.70999908447266,85.70999908447266,85.55500030517578,85.55500030517578,85.55500030517578,28297.0
2021-12-17 10:25:00-05:00,85.56999969482422,85.61499786376953,85.45050048828125,85.55999755859375,85.55999755859375,21724.0
2021-12-17 10:30:00-05:00,85.54499816894531,85.88999938964844,85.54499816894531,85.88999938964844,85.88999938964844,18105.0
2021-12-17 10:35:00-05:00,85.91000366210938,86.12999725341797,85.8499984741211,86.1050033569336,86.1050033569336,20188.0
2021-12-17 10:40:00-05:00,86.12999725341797,86.20999908447266,85.88999938964844,86.16000366210938,86.16000366210938,24315.0
2021-12-17 10:45:00-05:00,86.20999908447266,86.4000015258789,86.20999908447266,86.37999725341797,86.37999725341797,15867.0
2021-12-17 10:50:00-05:00,86.38999938964844,86.38999938964844,86.25,86.36000061035156,86.36000061035156,9554.0
2021-12-17 10:55:00-05:00,86.36000061035156,86.41999816894531,86.27230072021484,86.3499984741211,86.3499984741211,15654.0
2021-12-17 11:00:00-05:00,86.31999969482422,86.34380340576172,86.2699966430664,86.27999877929688,86.27999877929688,6539.0
2021-12-17 11:05:00-05:00,86.30999755859375,86.36959838867188,86.27999877929688,86.27999877929688,86.27999877929688,8028.0
2021-12-17 11:10:00-05:00,86.30000305175781,86.55000305175781,86.30000305175781,86.54000091552734,86.54000091552734,7515.0
2021-12-17 11:15:00-05:00,86.54000091552734,86.5999984741211,86.4000015258789,86.5,86.5,13983.0
2021-12-17 11:20:00-05:00,86.49500274658203,86.61000061035156,86.44999694824219,86.58999633789062,86.58999633789062,17487.0
2021-12-17 11:25:00-05:00,86.61000061035156,86.61499786376953,86.31009674072266,86.43000030517578,86.43000030517578,31034.0
2021-12-17 11:30:00-05:00,86.43000030517578,86.51000213623047,86.41500091552734,86.44000244140625,86.44000244140625,13558.0
2021-12-17 11:35:00-05:00,86.44999694824219,86.5,86.33499908447266,86.4000015258789,86.4000015258789,11781.0
2021-12-17 11:40:00-05:00,86.38999938964844,86.5199966430664,86.33999633789062,86.37000274658203,86.37000274658203,11101.0
2021-12-17 11:45:00-05:00,86.36000061035156,86.36000061035156,86.1500015258789,86.19999694824219,86.19999694824219,10053.0
2021-12-17 11:50:00-05:00,86.21499633789062,86.27999877929688,86.19999694824219,86.22000122070312,86.22000122070312,10710.0
2021-12-17 11:55:00-05:00,86.22000122070312,86.22000122070312,86.05999755859375,86.13999938964844,86.13999938964844,37708.0
2021-12-17 12:00:00-05:00,86.1449966430664,86.16999816894531,86.0199966430664,86.08000183105469,86.08000183105469,11092.0
2021-12-17 12:05:00-05:00,86.10230255126953,86.12989807128906,85.95999908447266,85.95999908447266,85.95999908447266,7955.0
2021-12-17 12:10:00-05:00,86.0,86.01000213623047,85.91000366210938,85.91000366210938,85.91000366210938,7141.0
2021-12-17 12:15:00-05:00,85.91100311279297,86.0,85.86000061035156,85.91999816894531,85.91999816894531,31708.0
2021-12-17 12:20:00-05:00,85.88999938964844,86.08000183105469,85.88999938964844,86.06999969482422,86.06999969482422,11486.0
2021-12-17 12:25:00-05:00,86.0199966430664,86.0199966430664,85.91000366210938,85.94000244140625,85.94000244140625,12902.0
2021-12-17 12:30:00-05:00,85.94999694824219,86.16200256347656,85.94999694824219,86.12999725341797,86.12999725341797,11539.0
2021-12-17 12:35:00-05:00,86.12000274658203,86.13999938964844,86.08000183105469,86.13200378417969,86.13200378417969,8085.0
2021-12-17 12:40:00-05:00,86.12000274658203,86.16000366210938,86.08499908447266,86.0999984741211,86.0999984741211,11125.0
2021-12-17 12:45:00-05:00,86.1500015258789,86.22000122070312,86.12999725341797,86.20999908447266,86.20999908447266,6239.0
2021-12-17 12:50:00-05:00,86.21499633789062,86.30000305175781,86.19010162353516,86.19999694824219,86.19999694824219,16307.0
2021-12-17 12:55:00-05:00,86.19999694824219,86.20500183105469,86.12000274658203,86.20500183105469,86.20500183105469,6760.0
2021-12-17 13:00:00-05:00,86.19000244140625,86.23999786376953,86.12999725341797,86.19999694824219,86.19999694824219,10064.0
2021-12-17 13:05:00-05:00,86.18000030517578,86.18000030517578,85.9800033569336,86.0199966430664,86.0199966430664,10247.0
2021-12-17 13:10:00-05:00,86.0,86.0,85.88999938964844,85.95999908447266,85.95999908447266,14170.0
2021-12-17 13:15:00-05:00,85.91999816894531,85.97000122070312,85.87999725341797,85.94000244140625,85.94000244140625,13225.0
2021-12-17 13:20:00-05:00,85.97000122070312,86.0353012084961,85.94999694824219,86.0353012084961,86.0353012084961,16425.0
2021-12-17 13:25:00-05:00,86.05999755859375,86.12999725341797,86.0199966430664,86.0999984741211,86.0999984741211,12761.0
2021-12-17 13:30:00-05:00,86.0999984741211,86.16000366210938,86.0199966430664,86.0999984741211,86.0999984741211,10742.0
2021-12-17 13:35:00-05:00,86.12000274658203,86.18000030517578,86.12000274658203,86.15499877929688,86.15499877929688,16017.0
2021-12-17 13:40:00-05:00,86.15499877929688,86.22000122070312,86.12999725341797,86.20999908447266,86.20999908447266,10347.0
2021-12-17 13:45:00-05:00,86.22000122070312,86.33999633789062,86.22000122070312,86.31500244140625,86.31500244140625,13676.0
2021-12-17 13:50:00-05:00,86.30999755859375,86.31999969482422,86.2699966430664,86.29000091552734,86.29000091552734,7911.0
2021-12-17 13:55:00-05:00,86.30000305175781,86.37000274658203,86.30000305175781,86.37000274658203,86.37000274658203,12185.0
2021-12-17 14:00:00-05:00,86.3550033569336,86.37999725341797,86.13999938964844,86.13999938964844,86.13999938964844,18558.0
2021-12-17 14:05:00-05:00,86.16000366210938,86.23999786376953,86.13999938964844,86.23999786376953,86.23999786376953,5913.0
2021-12-17 14:10:00-05:00,86.22000122070312,86.22000122070312,86.13999938964844,86.1500015258789,86.1500015258789,9600.0
2021-12-17 14:15:00-05:00,86.16000366210938,86.16999816894531,86.0999984741211,86.10600280761719,86.10600280761719,9744.0
2021-12-17 14:20:00-05:00,86.11000061035156,86.11000061035156,85.94999694824219,85.95999908447266,85.95999908447266,12535.0
2021-12-17 14:25:00-05:00,85.96170043945312,86.0,85.94000244140625,85.94000244140625,85.94000244140625,13359.0
2021-12-17 14:30:00-05:00,85.95780181884766,85.95780181884766,85.83999633789062,85.8499984741211,85.8499984741211,23296.0
2021-12-17 14:35:00-05:00,85.85399627685547,85.88500213623047,85.7300033569336,85.75,85.75,44504.0
2021-12-17 14:40:00-05:00,85.76000213623047,86.01000213623047,85.73999786376953,85.97000122070312,85.97000122070312,23776.0
2021-12-17 14:45:00-05:00,86.0,86.04000091552734,85.9740982055664,85.9740982055664,85.9740982055664,17880.0
2021-12-17 14:50:00-05:00,85.97000122070312,86.01000213623047,85.94999694824219,85.94999694824219,85.94999694824219,25748.0
2021-12-17 14:55:00-05:00,85.94999694824219,85.94999694824219,85.88999938964844,85.9000015258789,85.9000015258789,23501.0
2021-12-17 15:00:00-05:00,85.9000015258789,85.98999786376953,85.87999725341797,85.91999816894531,85.91999816894531,33038.0
2021-12-17 15:05:00-05:00,85.91999816894531,86.01000213623047,85.91999816894531,85.9800033569336,85.9800033569336,8296.0
2021-12-17 15:10:00-05:00,85.9800033569336,86.01000213623047,85.88999938964844,86.0,86.0,10975.0
2021-12-17 15:15:00-05:00,86.0,86.01000213623047,85.8499984741211,85.8499984741211,85.8499984741211,23818.0
2021-12-17 15:20:00-05:00,85.87999725341797,86.02999877929688,85.87999725341797,86.01640319824219,86.01640319824219,7524.0
2021-12-17 15:25:00-05:00,86.01000213623047,86.05999755859375,85.95999908447266,85.98500061035156,85.98500061035156,18761.0
2021-12-17 15:30:00-05:00,86.0,86.01000213623047,85.8499984741211,85.88999938964844,85.88999938964844,27287.0
2021-12-17 15:35:00-05:00,85.91999816894531,85.93000030517578,85.81999969482422,85.87000274658203,85.87000274658203,18472.0
2021-12-17 15:40:00-05:00,85.9000015258789,86.0,85.88999938964844,85.98100280761719,85.98100280761719,26724.0
2021-12-17 15:45:00-05:00,85.9800033569336,85.98500061035156,85.70999908447266,85.70999908447266,85.70999908447266,27514.0
2021-12-17 15:50:00-05:00,85.73999786376953,85.76000213623047,85.47000122070312,85.58999633789062,85.58999633789062,69269.0
2021-12-17 15:55:00-05:00,85.58000183105469,85.63999938964844,85.41999816894531,85.41999816894531,85.41999816894531,156575.0
2021-12-20 09:30:00-05:00,84.70999908447266,84.70999908447266,84.19999694824219,84.34700012207031,84.34700012207031,46594.0
2021-12-20 09:35:00-05:00,84.41000366210938,84.61000061035156,84.2300033569336,84.58000183105469,84.58000183105469,19004.0
2021-12-20 09:40:00-05:00,84.51000213623047,84.56999969482422,84.01000213623047,84.05999755859375,84.05999755859375,23529.0
2021-12-20 09:45:00-05:00,84.0999984741211,84.48500061035156,83.98999786376953,84.43499755859375,84.43499755859375,30435.0
2021-12-20 09:50:00-05:00,84.38999938964844,84.38999938964844,84.13999938964844,84.37000274658203,84.37000274658203,18032.0
2021-12-20 09:55:00-05:00,84.36000061035156,84.48999786376953,84.33000183105469,84.47000122070312,84.47000122070312,14079.0
2021-12-20 10:00:00-05:00,84.44000244140625,84.83000183105469,84.44000244140625,84.69999694824219,84.69999694824219,18007.0
2021-12-20 10:05:00-05:00,84.75,84.75,84.55000305175781,84.63999938964844,84.63999938964844,9308.0
2021-12-20 10:10:00-05:00,84.625,84.81999969482422,84.58000183105469,84.70999908447266,84.70999908447266,10513.0
2021-12-20 10:15:00-05:00,84.76899719238281,84.8499984741211,84.6500015258789,84.79000091552734,84.79000091552734,13815.0
2021-12-20 10:20:00-05:00,84.81900024414062,84.88999938964844,84.41999816894531,84.4800033569336,84.4800033569336,8204.0
2021-12-20 10:25:00-05:00,84.4800033569336,84.54499816894531,84.4000015258789,84.45999908447266,84.45999908447266,26022.0
2021-12-20 10:30:00-05:00,84.44999694824219,84.4800033569336,84.28009796142578,84.43000030517578,84.43000030517578,13386.0
2021-12-20 10:35:00-05:00,84.41829681396484,84.45999908447266,84.29000091552734,84.31999969482422,84.31999969482422,10682.0
2021-12-20 10:40:00-05:00,84.31999969482422,84.47000122070312,84.27999877929688,84.4000015258789,84.4000015258789,19095.0
2021-12-20 10:45:00-05:00,84.33999633789062,84.47000122070312,84.25,84.26000213623047,84.26000213623047,7070.0
2021-12-20 10:50:00-05:00,84.23999786376953,84.26000213623047,84.19000244140625,84.22000122070312,84.22000122070312,13121.0
2021-12-20 10:55:00-05:00,84.19999694824219,84.26000213623047,84.12000274658203,84.19000244140625,84.19000244140625,23656.0
2021-12-20 11:00:00-05:00,84.16380310058594,84.33000183105469,84.13999938964844,84.29000091552734,84.29000091552734,13236.0
2021-12-20 11:05:00-05:00,84.3499984741211,84.47000122070312,84.27999877929688,84.44999694824219,84.44999694824219,19006.0
2021-12-20 11:10:00-05:00,84.4800033569336,84.5999984741211,84.4749984741211,84.57839965820312,84.57839965820312,17417.0
2021-12-20 11:15:00-05:00,84.58000183105469,84.7699966430664,84.52999877929688,84.58300018310547,84.58300018310547,25785.0
2021-12-20 11:20:00-05:00,84.5989990234375,84.5989990234375,84.41999816894531,84.51000213623047,84.51000213623047,12129.0
2021-12-20 11:25:00-05:00,84.52999877929688,84.55000305175781,84.4719009399414,84.50060272216797,84.50060272216797,14847.0
2021-12-20 11:30:00-05:00,84.51000213623047,84.56900024414062,84.44999694824219,84.4800033569336,84.4800033569336,7768.0
2021-12-20 11:35:00-05:00,84.50900268554688,84.50900268554688,84.3218002319336,84.4126968383789,84.4126968383789,9629.0
2021-12-20 11:40:00-05:00,84.41999816894531,84.58000183105469,84.41999816894531,84.55999755859375,84.55999755859375,8277.0
2021-12-20 11:45:00-05:00,84.55999755859375,84.56999969482422,84.43000030517578,84.56999969482422,84.56999969482422,23757.0
2021-12-20 11:50:00-05:00,84.55619812011719,84.69000244140625,84.55000305175781,84.66000366210938,84.66000366210938,23298.0
2021-12-20 11:55:00-05:00,84.70159912109375,84.76599884033203,84.6500015258789,84.75,84.75,12512.0
2021-12-20 12:00:00-05:00,84.7300033569336,84.86499786376953,84.7300033569336,84.86499786376953,84.86499786376953,8503.0
2021-12-20 12:05:00-05:00,84.83999633789062,84.87899780273438,84.7750015258789,84.77999877929688,84.77999877929688,7559.0
2021-12-20 12:10:00-05:00,84.79000091552734,84.8489990234375,84.76000213623047,84.80899810791016,84.80899810791016,7953.0
2021-12-20 12:15:00-05:00,84.7699966430664,84.83499908447266,84.75499725341797,84.79000091552734,84.79000091552734,9143.0
2021-12-20 12:20:00-05:00,84.80999755859375,84.80999755859375,84.75,84.76599884033203,84.76599884033203,4046.0
2021-12-20 12:25:00-05:00,84.75,84.83899688720703,84.7249984741211,84.83599853515625,84.83599853515625,12010.0
2021-12-20 12:30:00-05:00,84.81999969482422,84.81999969482422,84.71299743652344,84.7249984741211,84.7249984741211,5978.0
2021-12-20 12:35:00-05:00,84.7300033569336,84.86000061035156,84.72000122070312,84.86000061035156,84.86000061035156,6615.0
2021-12-20 12:40:00-05:00,84.88999938964844,84.93000030517578,84.75,84.78900146484375,84.78900146484375,12547.0
2021-12-20 12:45:00-05:00,84.75,84.80899810791016,84.73999786376953,84.7699966430664,84.7699966430664,6761.0
2021-12-20 12:50:00-05:00,84.79900360107422,84.90010070800781,84.79900360107422,84.88700103759766,84.88700103759766,6205.0
2021-12-20 12:55:00-05:00,84.87000274658203,84.87899780273438,84.77999877929688,84.77999877929688,84.77999877929688,5939.0
2021-12-20 13:00:00-05:00,84.7699966430664,84.86000061035156,84.7699966430664,84.86000061035156,84.86000061035156,5532.0
2021-12-20 13:05:00-05:00,84.88999938964844,84.93900299072266,84.87359619140625,84.88999938964844,84.88999938964844,5892.0
2021-12-20 13:10:00-05:00,84.9000015258789,84.9000015258789,84.80500030517578,84.83999633789062,84.83999633789062,6373.0
2021-12-20 13:15:00-05:00,84.83000183105469,84.87999725341797,84.80000305175781,84.875,84.875,6141.0
2021-12-20 13:20:00-05:00,84.88999938964844,84.91899871826172,84.86000061035156,84.90390014648438,84.90390014648438,7554.0
2021-12-20 13:25:00-05:00,84.91999816894531,84.97000122070312,84.88999938964844,84.97000122070312,84.97000122070312,6257.0
2021-12-20 13:30:00-05:00,84.94999694824219,84.94999694824219,84.86000061035156,84.86000061035156,84.86000061035156,6405.0
2021-12-20 13:35:00-05:00,84.86000061035156,85.0,84.84500122070312,84.99500274658203,84.99500274658203,14086.0
2021-12-20 13:40:00-05:00,85.05999755859375,85.12999725341797,85.0,85.00019836425781,85.00019836425781,20243.0
2021-12-20 13:45:00-05:00,85.00199890136719,85.05999755859375,84.94999694824219,85.05999755859375,85.05999755859375,8511.0
2021-12-20 13:50:00-05:00,85.05999755859375,85.0999984741211,84.93000030517578,85.06999969482422,85.06999969482422,15591.0
2021-12-20 13:55:00-05:00,85.08999633789062,85.0999984741211,84.9000015258789,84.91999816894531,84.91999816894531,16565.0
2021-12-20 14:00:00-05:00,84.91999816894531,85.06999969482422,84.91000366210938,85.0458984375,85.0458984375,30407.0
2021-12-20 14:05:00-05:00,85.04000091552734,85.04000091552734,84.94000244140625,84.96499633789062,84.96499633789062,8211.0
2021-12-20 14:10:00-05:00,84.95770263671875,85.0199966430664,84.94000244140625,85.01000213623047,85.01000213623047,9576.0
2021-12-20 14:15:00-05:00,85.00749969482422,85.05000305175781,84.9800033569336,84.9800033569336,84.9800033569336,14745.0
2021-12-20 14:20:00-05:00,84.95999908447266,84.95999908447266,84.8499984741211,84.9000015258789,84.9000015258789,15659.0
2021-12-20 14:25:00-05:00,84.88999938964844,84.88999938964844,84.77999877929688,84.81999969482422,84.81999969482422,11058.0
2021-12-20 14:30:00-05:00,84.81999969482422,84.83000183105469,84.6449966430664,84.68000030517578,84.68000030517578,13405.0
2021-12-20 14:35:00-05:00,84.68000030517578,84.7300033569336,84.68000030517578,84.69000244140625,84.69000244140625,10844.0
2021-12-20 14:40:00-05:00,84.69499969482422,84.73500061035156,84.69000244140625,84.73500061035156,84.73500061035156,7582.0
2021-12-20 14:45:00-05:00,84.72000122070312,84.7249984741211,84.62999725341797,84.63999938964844,84.63999938964844,12213.0
2021-12-20 14:50:00-05:00,84.66999816894531,84.7300033569336,84.5999984741211,84.63999938964844,84.63999938964844,14813.0
2021-12-20 14:55:00-05:00,84.65499877929688,84.7699966430664,84.65499877929688,84.73999786376953,84.73999786376953,15262.0
2021-12-20 15:00:00-05:00,84.73999786376953,84.875,84.72000122070312,84.7750015258789,84.7750015258789,18301.0
2021-12-20 15:05:00-05:00,84.79000091552734,84.81999969482422,84.76000213623047,84.81900024414062,84.81900024414062,10972.0
2021-12-20 15:10:00-05:00,84.81999969482422,84.83999633789062,84.76000213623047,84.7750015258789,84.7750015258789,15445.0
2021-12-20 15:15:00-05:00,84.7750015258789,84.80999755859375,84.7300033569336,84.73049926757812,84.73049926757812,18909.0
2021-12-20 15:20:00-05:00,84.74600219726562,84.80999755859375,84.7300033569336,84.7699966430664,84.7699966430664,15077.0
2021-12-20 15:25:00-05:00,84.76000213623047,85.0,84.76000213623047,84.98999786376953,84.98999786376953,16360.0
2021-12-20 15:30:00-05:00,84.9800033569336,84.9800033569336,84.88999938964844,84.91999816894531,84.91999816894531,16653.0
2021-12-20 15:35:00-05:00,84.88999938964844,84.93000030517578,84.81999969482422,84.86499786376953,84.86499786376953,21673.0
2021-12-20 15:40:00-05:00,84.8499984741211,84.87000274658203,84.70999908447266,84.76000213623047,84.76000213623047,19323.0
2021-12-20 15:45:00-05:00,84.76000213623047,84.88999938964844,84.72000122070312,84.83999633789062,84.83999633789062,16739.0
2021-12-20 15:50:00-05:00,84.83999633789062,84.95999908447266,84.83999633789062,84.8499984741211,84.8499984741211,52319.0
2021-12-20 15:55:00-05:00,84.86000061035156,84.95999908447266,84.80000305175781,84.8499984741211,84.8499984741211,146456.0
2021-12-21 09:30:00-05:00,85.0,85.06999969482422,84.7300033569336,85.06999969482422,85.06999969482422,31518.0
2021-12-21 09:35:00-05:00,85.1500015258789,85.41000366210938,85.0,85.3499984741211,85.3499984741211,8440.0
2021-12-21 09:40:00-05:00,85.33999633789062,85.52999877929688,85.30999755859375,85.47000122070312,85.47000122070312,16072.0
2021-12-21 09:45:00-05:00,85.44999694824219,85.68000030517578,85.36000061035156,85.55999755859375,85.55999755859375,12214.0
2021-12-21 09:50:00-05:00,85.53500366210938,85.53500366210938,85.19999694824219,85.22000122070312,85.22000122070312,10652.0
2021-12-21 09:55:00-05:00,85.19999694824219,85.26000213623047,84.97000122070312,85.02999877929688,85.02999877929688,21110.0
2021-12-21 10:00:00-05:00,85.08999633789062,85.23999786376953,84.97000122070312,85.00019836425781,85.00019836425781,8998.0
2021-12-21 10:05:00-05:00,85.00499725341797,85.0199966430664,84.87999725341797,85.01000213623047,85.01000213623047,11734.0
2021-12-21 10:10:00-05:00,85.00499725341797,85.22000122070312,85.00499725341797,85.18499755859375,85.18499755859375,15105.0
2021-12-21 10:15:00-05:00,85.19499969482422,85.22000122070312,85.12999725341797,85.21499633789062,85.21499633789062,28391.0
2021-12-21 10:20:00-05:00,85.22000122070312,85.39430236816406,85.22000122070312,85.39430236816406,85.39430236816406,13000.0
2021-12-21 10:25:00-05:00,85.33999633789062,85.33999633789062,84.95999908447266,85.0199966430664,85.0199966430664,13524.0
2021-12-21 10:30:00-05:00,85.01000213623047,85.05999755859375,84.91999816894531,85.02999877929688,85.02999877929688,13064.0
2021-12-21 10:35:00-05:00,84.98999786376953,84.98999786376953,84.83999633789062,84.91999816894531,84.91999816894531,11795.0
2021-12-21 10:40:00-05:00,84.95999908447266,85.0250015258789,84.91000366210938,84.94999694824219,84.94999694824219,14587.0
2021-12-21 10:45:00-05:00,84.93000030517578,84.93000030517578,84.81999969482422,84.83999633789062,84.83999633789062,14373.0
2021-12-21 10:50:00-05:00,84.80400085449219,84.83999633789062,84.7699966430664,84.7699966430664,84.7699966430664,10017.0
2021-12-21 10:55:00-05:00,84.80000305175781,84.81999969482422,84.67500305175781,84.73999786376953,84.73999786376953,19385.0
2021-12-21 11:00:00-05:00,84.7300033569336,84.73500061035156,84.62000274658203,84.62000274658203,84.62000274658203,12748.0
2021-12-21 11:05:00-05:00,84.63099670410156,84.6500015258789,84.56999969482422,84.63999938964844,84.63999938964844,8114.0
2021-12-21 11:10:00-05:00,84.6500015258789,84.7699966430664,84.63500213623047,84.76000213623047,84.76000213623047,18251.0
2021-12-21 11:15:00-05:00,84.76000213623047,84.83000183105469,84.72000122070312,84.80000305175781,84.80000305175781,13026.0
2021-12-21 11:20:00-05:00,84.83000183105469,85.00399780273438,84.83000183105469,84.9303970336914,84.9303970336914,7829.0
2021-12-21 11:25:00-05:00,84.91000366210938,84.93000030517578,84.8499984741211,84.85040283203125,84.85040283203125,6540.0
2021-12-21 11:30:00-05:00,84.86000061035156,84.93000030517578,84.8550033569336,84.8550033569336,84.8550033569336,6044.0
2021-12-21 11:35:00-05:00,84.8550033569336,84.94270324707031,84.8550033569336,84.94270324707031,84.94270324707031,7285.0
2021-12-21 11:40:00-05:00,84.93499755859375,85.04000091552734,84.86000061035156,85.0,85.0,18407.0
2021-12-21 11:45:00-05:00,85.01000213623047,85.05000305175781,84.94989776611328,84.95279693603516,84.95279693603516,6236.0
2021-12-21 11:50:00-05:00,84.97000122070312,85.04000091552734,84.95999908447266,85.0199966430664,85.0199966430664,9205.0
2021-12-21 11:55:00-05:00,85.01000213623047,85.02999877929688,84.93000030517578,84.9800033569336,84.9800033569336,12064.0
2021-12-21 12:00:00-05:00,84.97000122070312,84.9749984741211,84.8499984741211,84.85169982910156,84.85169982910156,8116.0
2021-12-21 12:05:00-05:00,84.875,84.98999786376953,84.875,84.97000122070312,84.97000122070312,5294.0
2021-12-21 12:10:00-05:00,84.9800033569336,85.05000305175781,84.94999694824219,85.0199966430664,85.0199966430664,19550.0
2021-12-21 12:15:00-05:00,85.0250015258789,85.12000274658203,85.0250015258789,85.12000274658203,85.12000274658203,7988.0
2021-12-21 12:20:00-05:00,85.12000274658203,85.36000061035156,85.12000274658203,85.36000061035156,85.36000061035156,15463.0
2021-12-21 12:25:00-05:00,85.33999633789062,85.43000030517578,85.31999969482422,85.37000274658203,85.37000274658203,7949.0
2021-12-21 12:30:00-05:00,85.37909698486328,85.45500183105469,85.37909698486328,85.45500183105469,85.45500183105469,7171.0
2021-12-21 12:35:00-05:00,85.44000244140625,85.52999877929688,85.43000030517578,85.5199966430664,85.5199966430664,6212.0
2021-12-21 12:40:00-05:00,85.5199966430664,85.5199966430664,85.45999908447266,85.45999908447266,85.45999908447266,4162.0
2021-12-21 12:45:00-05:00,85.45099639892578,85.49500274658203,85.44999694824219,85.4800033569336,85.4800033569336,5094.0
2021-12-21 12:50:00-05:00,85.46099853515625,85.62000274658203,85.46099853515625,85.62000274658203,85.62000274658203,17070.0
2021-12-21 12:55:00-05:00,85.63999938964844,85.68260192871094,85.56999969482422,85.58000183105469,85.58000183105469,9879.0
2021-12-21 13:00:00-05:00,85.56999969482422,85.61000061035156,85.55999755859375,85.57499694824219,85.57499694824219,4786.0
2021-12-21 13:05:00-05:00,85.56999969482422,85.56999969482422,85.4800033569336,85.52999877929688,85.52999877929688,19780.0
2021-12-21 13:10:00-05:00,85.58000183105469,85.6050033569336,85.54000091552734,85.54000091552734,85.54000091552734,9713.0
2021-12-21 13:15:00-05:00,85.54000091552734,85.54000091552734,85.43000030517578,85.43000030517578,85.43000030517578,5940.0
2021-12-21 13:20:00-05:00,85.44999694824219,85.4800033569336,85.41999816894531,85.41999816894531,85.41999816894531,4968.0
2021-12-21 13:25:00-05:00,85.43000030517578,85.44999694824219,85.4000015258789,85.4000015258789,85.4000015258789,7572.0
2021-12-21 13:30:00-05:00,85.41000366210938,85.43000030517578,85.33999633789062,85.3499984741211,85.3499984741211,7562.0
2021-12-21 13:35:00-05:00,85.36000061035156,85.43000030517578,85.30000305175781,85.43000030517578,85.43000030517578,9248.0
2021-12-21 13:40:00-05:00,85.4166030883789,85.44000244140625,85.41000366210938,85.41999816894531,85.41999816894531,7752.0
2021-12-21 13:45:00-05:00,85.43000030517578,85.52999877929688,85.41000366210938,85.51000213623047,85.51000213623047,7336.0
2021-12-21 13:50:00-05:00,85.5,85.51000213623047,85.4000015258789,85.4000015258789,85.4000015258789,9168.0
2021-12-21 13:55:00-05:00,85.4000015258789,85.43000030517578,85.3499984741211,85.36000061035156,85.36000061035156,9053.0
2021-12-21 14:00:00-05:00,85.35800170898438,85.35800170898438,85.30999755859375,85.33000183105469,85.33000183105469,7224.0
2021-12-21 14:05:00-05:00,85.31999969482422,85.31999969482422,85.18800354003906,85.2300033569336,85.2300033569336,10613.0
2021-12-21 14:10:00-05:00,85.2300033569336,85.31819915771484,85.2300033569336,85.2699966430664,85.2699966430664,10946.0
2021-12-21 14:15:00-05:00,85.26390075683594,85.2699966430664,85.1500015258789,85.1500015258789,85.1500015258789,9921.0
2021-12-21 14:20:00-05:00,85.14099884033203,85.2300033569336,85.14099884033203,85.20999908447266,85.20999908447266,10729.0
2021-12-21 14:25:00-05:00,85.19000244140625,85.25,85.19000244140625,85.19999694824219,85.19999694824219,7545.0
2021-12-21 14:30:00-05:00,85.20999908447266,85.25,85.1500015258789,85.18000030517578,85.18000030517578,9397.0
2021-12-21 14:35:00-05:00,85.16999816894531,85.16999816894531,84.98999786376953,85.05999755859375,85.05999755859375,13111.0
2021-12-21 14:40:00-05:00,85.05000305175781,85.13999938964844,85.04000091552734,85.11000061035156,85.11000061035156,7645.0
2021-12-21 14:45:00-05:00,85.16000366210938,85.25,85.16000366210938,85.16999816894531,85.16999816894531,15364.0
2021-12-21 14:50:00-05:00,85.18000030517578,85.19999694824219,85.08999633789062,85.12000274658203,85.12000274658203,13469.0
2021-12-21 14:55:00-05:00,85.12999725341797,85.19000244140625,85.12000274658203,85.12000274658203,85.12000274658203,7582.0
2021-12-21 15:00:00-05:00,85.0999984741211,85.13999938964844,85.08999633789062,85.13500213623047,85.13500213623047,4865.0
2021-12-21 15:05:00-05:00,85.12000274658203,85.13999938964844,85.06999969482422,85.08000183105469,85.08000183105469,10857.0
2021-12-21 15:10:00-05:00,85.08000183105469,85.15499877929688,85.06999969482422,85.15499877929688,85.15499877929688,9932.0
2021-12-21 15:15:00-05:00,85.1500015258789,85.37999725341797,85.1500015258789,85.37999725341797,85.37999725341797,37841.0
2021-12-21 15:20:00-05:00,85.38999938964844,85.47000122070312,85.33000183105469,85.36399841308594,85.36399841308594,36702.0
2021-12-21 15:25:00-05:00,85.37999725341797,85.4000015258789,85.19999694824219,85.2300033569336,85.2300033569336,18918.0
2021-12-21 15:30:00-05:00,85.19999694824219,85.33000183105469,85.18499755859375,85.18499755859375,85.18499755859375,20200.0
2021-12-21 15:35:00-05:00,85.18099975585938,85.19999694824219,85.04000091552734,85.08000183105469,85.08000183105469,13897.0
2021-12-21 15:40:00-05:00,85.0999984741211,85.20999908447266,85.0999984741211,85.12999725341797,85.12999725341797,14231.0
2021-12-21 15:45:00-05:00,85.13999938964844,85.13999938964844,85.05999755859375,85.06999969482422,85.06999969482422,16471.0
2021-12-21 15:50:00-05:00,85.08000183105469,85.1500015258789,85.01000213623047,85.1500015258789,85.1500015258789,39350.0
2021-12-21 15:55:00-05:00,85.13999938964844,85.30000305175781,85.05999755859375,85.25,85.25,133881.0
2021-12-22 09:30:00-05:00,85.1500015258789,85.52999877929688,85.1500015258789,85.52999877929688,85.52999877929688,25091.0
2021-12-22 09:35:00-05:00,85.41000366210938,85.5,85.0999984741211,85.18000030517578,85.18000030517578,19057.0
2021-12-22 09:40:00-05:00,85.16999816894531,85.19000244140625,85.06999969482422,85.1094970703125,85.1094970703125,9513.0
2021-12-22 09:45:00-05:00,85.06999969482422,85.13999938964844,84.91999816894531,84.91999816894531,84.91999816894531,16914.0
2021-12-22 09:50:00-05:00,84.95999908447266,85.0199966430664,84.80000305175781,84.80000305175781,84.80000305175781,14681.0
2021-12-22 09:55:00-05:00,84.80000305175781,85.01000213623047,84.80000305175781,84.87000274658203,84.87000274658203,8140.0
2021-12-22 10:00:00-05:00,84.87000274658203,85.29000091552734,84.8550033569336,85.29000091552734,85.29000091552734,3999.0
2021-12-22 10:05:00-05:00,85.31999969482422,85.38999938964844,85.2300033569336,85.2300033569336,85.2300033569336,11057.0
2021-12-22 10:10:00-05:00,85.19999694824219,85.26100158691406,85.11000061035156,85.20500183105469,85.20500183105469,10219.0
2021-12-22 10:15:00-05:00,85.19000244140625,85.26000213623047,85.16000366210938,85.19000244140625,85.19000244140625,6972.0
2021-12-22 10:20:00-05:00,85.18000030517578,85.32499694824219,85.12000274658203,85.30000305175781,85.30000305175781,10800.0
2021-12-22 10:25:00-05:00,85.29000091552734,85.33499908447266,85.1500015258789,85.2300033569336,85.2300033569336,8630.0
2021-12-22 10:30:00-05:00,85.22000122070312,85.23999786376953,85.08000183105469,85.23999786376953,85.23999786376953,8840.0
2021-12-22 10:35:00-05:00,85.23999786376953,85.2699966430664,85.0999984741211,85.16999816894531,85.16999816894531,8659.0
2021-12-22 10:40:00-05:00,85.1500015258789,85.2300033569336,85.12000274658203,85.13999938964844,85.13999938964844,6376.0
2021-12-22 10:45:00-05:00,85.12999725341797,85.20999908447266,85.12999725341797,85.18000030517578,85.18000030517578,7990.0
2021-12-22 10:50:00-05:00,85.18499755859375,85.33999633789062,85.16999816894531,85.30999755859375,85.30999755859375,13223.0
2021-12-22 10:55:00-05:00,85.30999755859375,85.3949966430664,85.30000305175781,85.30000305175781,85.30000305175781,13411.0
2021-12-22 11:00:00-05:00,85.30000305175781,85.42500305175781,85.30000305175781,85.37999725341797,85.37999725341797,9021.0
2021-12-22 11:05:00-05:00,85.37999725341797,85.37999725341797,85.2699966430664,85.2699966430664,85.2699966430664,5068.0
2021-12-22 11:10:00-05:00,85.26000213623047,85.29000091552734,85.19999694824219,85.20999908447266,85.20999908447266,13405.0
2021-12-22 11:15:00-05:00,85.18000030517578,85.18000030517578,85.04000091552734,85.11000061035156,85.11000061035156,8364.0
2021-12-22 11:20:00-05:00,85.0999984741211,85.20999908447266,85.06999969482422,85.18000030517578,85.18000030517578,8924.0
2021-12-22 11:25:00-05:00,85.17220306396484,85.17220306396484,85.05000305175781,85.08000183105469,85.08000183105469,11081.0
2021-12-22 11:30:00-05:00,85.11000061035156,85.13500213623047,85.08999633789062,85.11000061035156,85.11000061035156,8615.0
2021-12-22 11:35:00-05:00,85.0999984741211,85.13999938964844,85.08000183105469,85.12000274658203,85.12000274658203,11510.0
2021-12-22 11:40:00-05:00,85.10759735107422,85.10759735107422,84.9000015258789,84.90499877929688,84.90499877929688,14523.0
2021-12-22 11:45:00-05:00,84.91000366210938,85.0,84.83999633789062,84.94000244140625,84.94000244140625,20247.0
2021-12-22 11:50:00-05:00,84.97000122070312,84.98999786376953,84.9000015258789,84.9000015258789,84.9000015258789,13013.0
2021-12-22 11:55:00-05:00,84.87999725341797,84.94999694824219,84.8499984741211,84.8499984741211,84.8499984741211,9548.0
2021-12-22 12:00:00-05:00,84.8499984741211,84.87999725341797,84.80999755859375,84.8499984741211,84.8499984741211,10089.0
2021-12-22 12:05:00-05:00,84.86810302734375,84.87000274658203,84.83999633789062,84.83999633789062,84.83999633789062,10166.0
2021-12-22 12:10:00-05:00,84.83999633789062,84.91999816894531,84.78500366210938,84.81999969482422,84.81999969482422,15905.0
2021-12-22 12:15:00-05:00,84.83000183105469,85.0,84.80000305175781,84.94999694824219,84.94999694824219,11493.0
2021-12-22 12:20:00-05:00,84.94999694824219,85.01000213623047,84.94999694824219,84.98999786376953,84.98999786376953,7419.0
2021-12-22 12:25:00-05:00,85.01000213623047,85.08000183105469,85.00499725341797,85.00499725341797,85.00499725341797,12718.0
2021-12-22 12:30:00-05:00,84.97000122070312,85.05000305175781,84.97000122070312,85.0199966430664,85.0199966430664,5491.0
2021-12-22 12:35:00-05:00,85.0199966430664,85.08000183105469,85.0199966430664,85.08000183105469,85.08000183105469,6788.0
2021-12-22 12:40:00-05:00,85.08000183105469,85.08999633789062,85.01000213623047,85.01000213623047,85.01000213623047,7923.0
2021-12-22 12:45:00-05:00,85.01000213623047,85.0999984741211,85.0,85.0999984741211,85.0999984741211,7372.0
2021-12-22 12:50:00-05:00,85.11000061035156,85.19999694824219,85.11000061035156,85.19999694824219,85.19999694824219,6885.0
2021-12-22 12:55:00-05:00,85.18499755859375,85.20500183105469,85.0999984741211,85.11000061035156,85.11000061035156,13526.0
2021-12-22 13:00:00-05:00,85.11000061035156,85.125,85.04000091552734,85.05500030517578,85.05500030517578,8791.0
2021-12-22 13:05:00-05:00,85.05999755859375,85.05999755859375,85.0199966430664,85.04000091552734,85.04000091552734,5711.0
2021-12-22 13:10:00-05:00,85.04499816894531,85.08999633789062,85.04000091552734,85.05500030517578,85.05500030517578,20687.0
2021-12-22 13:15:00-05:00,85.05500030517578,85.05999755859375,85.0250015258789,85.02999877929688,85.02999877929688,11337.0
2021-12-22 13:20:00-05:00,85.02999877929688,85.06999969482422,85.0199966430664,85.04000091552734,85.04000091552734,21645.0
2021-12-22 13:25:00-05:00,85.02999877929688,85.04000091552734,84.94999694824219,84.94999694824219,84.94999694824219,27636.0
2021-12-22 13:30:00-05:00,84.95999908447266,84.95999908447266,84.87000274658203,84.87000274658203,84.87000274658203,10738.0
2021-12-22 13:35:00-05:00,84.87999725341797,84.93000030517578,84.87999725341797,84.9000015258789,84.9000015258789,14420.0
2021-12-22 13:40:00-05:00,84.87999725341797,84.91000366210938,84.87000274658203,84.87999725341797,84.87999725341797,10401.0
2021-12-22 13:45:00-05:00,84.87000274658203,84.9000015258789,84.79000091552734,84.80000305175781,84.80000305175781,21896.0
2021-12-22 13:50:00-05:00,84.80999755859375,84.95999908447266,84.79000091552734,84.93000030517578,84.93000030517578,19256.0
2021-12-22 13:55:00-05:00,84.93000030517578,85.0,84.87000274658203,84.87000274658203,84.87000274658203,17761.0
2021-12-22 14:00:00-05:00,84.87000274658203,84.87999725341797,84.6500015258789,84.6500015258789,84.6500015258789,17256.0
2021-12-22 14:05:00-05:00,84.66500091552734,84.69000244140625,84.62999725341797,84.62999725341797,84.62999725341797,18640.0
2021-12-22 14:10:00-05:00,84.62999725341797,84.69999694824219,84.5999984741211,84.66000366210938,84.66000366210938,15266.0
2021-12-22 14:15:00-05:00,84.66999816894531,84.7300033569336,84.6500015258789,84.7300033569336,84.7300033569336,9337.0
2021-12-22 14:20:00-05:00,84.7300033569336,84.76000213623047,84.66999816894531,84.66999816894531,84.66999816894531,12736.0
2021-12-22 14:25:00-05:00,84.68000030517578,84.68009948730469,84.62999725341797,84.66000366210938,84.66000366210938,13734.0
2021-12-22 14:30:00-05:00,84.63999938964844,84.66000366210938,84.61000061035156,84.63999938964844,84.63999938964844,14786.0
2021-12-22 14:35:00-05:00,84.62999725341797,84.6500015258789,84.58999633789062,84.58999633789062,84.58999633789062,8620.0
2021-12-22 14:40:00-05:00,84.5999984741211,84.66000366210938,84.57499694824219,84.58499908447266,84.58499908447266,11661.0
2021-12-22 14:45:00-05:00,84.58000183105469,84.63510131835938,84.56999969482422,84.63510131835938,84.63510131835938,12181.0
2021-12-22 14:50:00-05:00,84.62999725341797,84.68499755859375,84.625,84.6697998046875,84.6697998046875,12819.0
2021-12-22 14:55:00-05:00,84.66570281982422,84.66999816894531,84.63999938964844,84.66999816894531,84.66999816894531,12002.0
2021-12-22 15:00:00-05:00,84.68000030517578,84.78309631347656,84.66999816894531,84.77999877929688,84.77999877929688,16554.0
2021-12-22 15:05:00-05:00,84.80000305175781,84.80000305175781,84.76000213623047,84.7699966430664,84.7699966430664,12444.0
2021-12-22 15:10:00-05:00,84.76000213623047,84.76000213623047,84.69000244140625,84.69000244140625,84.69000244140625,13790.0
2021-12-22 15:15:00-05:00,84.69000244140625,84.74500274658203,84.63999938964844,84.73999786376953,84.73999786376953,19245.0
2021-12-22 15:20:00-05:00,84.72000122070312,84.72000122070312,84.62000274658203,84.63999938964844,84.63999938964844,14885.0
2021-12-22 15:25:00-05:00,84.62999725341797,84.73999786376953,84.62999725341797,84.7300033569336,84.7300033569336,16482.0
2021-12-22 15:30:00-05:00,84.72000122070312,84.83999633789062,84.69999694824219,84.82599639892578,84.82599639892578,22800.0
2021-12-22 15:35:00-05:00,84.83499908447266,84.86000061035156,84.79000091552734,84.79000091552734,84.79000091552734,23814.0
2021-12-22 15:40:00-05:00,84.77999877929688,84.77999877929688,84.66999816894531,84.69000244140625,84.69000244140625,36474.0
2021-12-22 15:45:00-05:00,84.69000244140625,84.76000213623047,84.68000030517578,84.74500274658203,84.74500274658203,38714.0
2021-12-22 15:50:00-05:00,84.7699966430664,84.89969635009766,84.7699966430664,84.8499984741211,84.8499984741211,53340.0
2021-12-22 15:55:00-05:00,84.86000061035156,84.93000030517578,84.70999908447266,84.91999816894531,84.91999816894531,193248.0
2021-12-23 09:30:00-05:00,85.20999908447266,85.44000244140625,84.94000244140625,85.44000244140625,85.44000244140625,23895.0
2021-12-23 09:35:00-05:00,85.4000015258789,85.5,85.37000274658203,85.41000366210938,85.41000366210938,7491.0
2021-12-23 09:40:00-05:00,85.47000122070312,85.55000305175781,85.33000183105469,85.33000183105469,85.33000183105469,6758.0
2021-12-23 09:45:00-05:00,85.47000122070312,85.51000213623047,85.3499984741211,85.5,85.5,40320.0
2021-12-23 09:50:00-05:00,85.5199966430664,85.58000183105469,85.41999816894531,85.4489974975586,85.4489974975586,6894.0
2021-12-23 09:55:00-05:00,85.37999725341797,85.4800033569336,85.31999969482422,85.38999938964844,85.38999938964844,6035.0
2021-12-23 10:00:00-05:00,85.41999816894531,85.66000366210938,85.41000366210938,85.66000366210938,85.66000366210938,36743.0
2021-12-23 10:05:00-05:00,85.62999725341797,85.72000122070312,85.61000061035156,85.72000122070312,85.72000122070312,11151.0
2021-12-23 10:10:00-05:00,85.7249984741211,85.7323989868164,85.62999725341797,85.66000366210938,85.66000366210938,7914.0
2021-12-23 10:15:00-05:00,85.70500183105469,85.7300033569336,85.55999755859375,85.58000183105469,85.58000183105469,8407.0
2021-12-23 10:20:00-05:00,85.58499908447266,85.69000244140625,85.55999755859375,85.66000366210938,85.66000366210938,6888.0
2021-12-23 10:25:00-05:00,85.63999938964844,85.75,85.58000183105469,85.58999633789062,85.58999633789062,7452.0
2021-12-23 10:30:00-05:00,85.56999969482422,85.5999984741211,85.45999908447266,85.45999908447266,85.45999908447266,5863.0
2021-12-23 10:35:00-05:00,85.43000030517578,85.48999786376953,85.41000366210938,85.4800033569336,85.4800033569336,8027.0
2021-12-23 10:40:00-05:00,85.4634017944336,85.55999755859375,85.44000244140625,85.4800033569336,85.4800033569336,7174.0
2021-12-23 10:45:00-05:00,85.49500274658203,85.55999755859375,85.4800033569336,85.51000213623047,85.51000213623047,3657.0
2021-12-23 10:50:00-05:00,85.51499938964844,85.58000183105469,85.47000122070312,85.51000213623047,85.51000213623047,14900.0
2021-12-23 10:55:00-05:00,85.5250015258789,85.55000305175781,85.43000030517578,85.44999694824219,85.44999694824219,8166.0
2021-12-23 11:00:00-05:00,85.46499633789062,85.5,85.44270324707031,85.4800033569336,85.4800033569336,6827.0
2021-12-23 11:05:00-05:00,85.45999908447266,85.5801010131836,85.45999908447266,85.5801010131836,85.5801010131836,5790.0
2021-12-23 11:10:00-05:00,85.55999755859375,85.62999725341797,85.55000305175781,85.58049774169922,85.58049774169922,6786.0
2021-12-23 11:15:00-05:00,85.6050033569336,85.6500015258789,85.55000305175781,85.5999984741211,85.5999984741211,6509.0
2021-12-23 11:20:00-05:00,85.58999633789062,85.61000061035156,85.51000213623047,85.54499816894531,85.54499816894531,4240.0
2021-12-23 11:25:00-05:00,85.52130126953125,85.58499908447266,85.52130126953125,85.55999755859375,85.55999755859375,7234.0
2021-12-23 11:30:00-05:00,85.55000305175781,85.58000183105469,85.47000122070312,85.5,85.5,4862.0
2021-12-23 11:35:00-05:00,85.45999908447266,85.54499816894531,85.43000030517578,85.5,85.5,8319.0
2021-12-23 11:40:00-05:00,85.5199966430664,85.54499816894531,85.51000213623047,85.51170349121094,85.51170349121094,6369.0
2021-12-23 11:45:00-05:00,85.54000091552734,85.63099670410156,85.54000091552734,85.5999984741211,85.5999984741211,5270.0
2021-12-23 11:50:00-05:00,85.61000061035156,85.66999816894531,85.59449768066406,85.66999816894531,85.66999816894531,5978.0
2021-12-23 11:55:00-05:00,85.68000030517578,85.72200012207031,85.66000366210938,85.72200012207031,85.72200012207031,7218.0
2021-12-23 12:00:00-05:00,85.69000244140625,85.69000244140625,85.61000061035156,85.61000061035156,85.61000061035156,8574.0
2021-12-23 12:05:00-05:00,85.63999938964844,85.63999938964844,85.58999633789062,85.62000274658203,85.62000274658203,8289.0
2021-12-23 12:10:00-05:00,85.62000274658203,85.62999725341797,85.58999633789062,85.5999984741211,85.5999984741211,11291.0
2021-12-23 12:15:00-05:00,85.5999984741211,85.6500015258789,85.57499694824219,85.62999725341797,85.62999725341797,11715.0
2021-12-23 12:20:00-05:00,85.61000061035156,85.69000244140625,85.61000061035156,85.67500305175781,85.67500305175781,6046.0
2021-12-23 12:25:00-05:00,85.66999816894531,85.69000244140625,85.6500015258789,85.68000030517578,85.68000030517578,7616.0
2021-12-23 12:30:00-05:00,85.68000030517578,85.68000030517578,85.58999633789062,85.62000274658203,85.62000274658203,5394.0
2021-12-23 12:35:00-05:00,85.5999984741211,85.62999725341797,85.58999633789062,85.61499786376953,85.61499786376953,7803.0
2021-12-23 12:40:00-05:00,85.62000274658203,85.62999725341797,85.58499908447266,85.59500122070312,85.59500122070312,14696.0
2021-12-23 12:45:00-05:00,85.58999633789062,85.5999984741211,85.5199966430664,85.54010009765625,85.54010009765625,11823.0
2021-12-23 12:50:00-05:00,85.51799774169922,85.52999877929688,85.50499725341797,85.5250015258789,85.5250015258789,3682.0
2021-12-23 12:55:00-05:00,85.5199966430664,85.52999877929688,85.41500091552734,85.44000244140625,85.44000244140625,6094.0
2021-12-23 13:00:00-05:00,85.44999694824219,85.44999694824219,85.41300201416016,85.43579864501953,85.43579864501953,3506.0
2021-12-23 13:05:00-05:00,85.43000030517578,85.44270324707031,85.38999938964844,85.38999938964844,85.38999938964844,7341.0
2021-12-23 13:10:00-05:00,85.33999633789062,85.33999633789062,85.29100036621094,85.30999755859375,85.30999755859375,3991.0
2021-12-23 13:15:00-05:00,85.30999755859375,85.30999755859375,85.19499969482422,85.23999786376953,85.23999786376953,6073.0
2021-12-23 13:20:00-05:00,85.26000213623047,85.27999877929688,85.26000213623047,85.27999877929688,85.27999877929688,2853.0
2021-12-23 13:25:00-05:00,85.2699966430664,85.33000183105469,85.2699966430664,85.33000183105469,85.33000183105469,5203.0
2021-12-23 13:30:00-05:00,85.33000183105469,85.3499984741211,85.31999969482422,85.31999969482422,85.31999969482422,7245.0
2021-12-23 13:35:00-05:00,85.31999969482422,85.38999938964844,85.30999755859375,85.37000274658203,85.37000274658203,6985.0
2021-12-23 13:40:00-05:00,85.37000274658203,85.37000274658203,85.30999755859375,85.34500122070312,85.34500122070312,3897.0
2021-12-23 13:45:00-05:00,85.33999633789062,85.37000274658203,85.33999633789062,85.37000274658203,85.37000274658203,4118.0
2021-12-23 13:50:00-05:00,85.37999725341797,85.45999908447266,85.37999725341797,85.45999908447266,85.45999908447266,8128.0
2021-12-23 13:55:00-05:00,85.46499633789062,85.4666976928711,85.43000030517578,85.43000030517578,85.43000030517578,6647.0
2021-12-23 14:00:00-05:00,85.43000030517578,85.43000030517578,85.33499908447266,85.38999938964844,85.38999938964844,13357.0
2021-12-23 14:05:00-05:00,85.37000274658203,85.37000274658203,85.27999877929688,85.27999877929688,85.27999877929688,8335.0
2021-12-23 14:10:00-05:00,85.30999755859375,85.32039642333984,85.26000213623047,85.26000213623047,85.26000213623047,4802.0
2021-12-23 14:15:00-05:00,85.26000213623047,85.29000091552734,85.2300033569336,85.29000091552734,85.29000091552734,9956.0
2021-12-23 14:20:00-05:00,85.27999877929688,85.30000305175781,85.26000213623047,85.2699966430664,85.2699966430664,3456.0
2021-12-23 14:25:00-05:00,85.29900360107422,85.29900360107422,85.16999816894531,85.17749786376953,85.17749786376953,16794.0
2021-12-23 14:30:00-05:00,85.16000366210938,85.23999786376953,85.1250991821289,85.23999786376953,85.23999786376953,10133.0
2021-12-23 14:35:00-05:00,85.22000122070312,85.26000213623047,85.18000030517578,85.18199920654297,85.18199920654297,4131.0
2021-12-23 14:40:00-05:00,85.18000030517578,85.20999908447266,85.1709976196289,85.20649719238281,85.20649719238281,7070.0
2021-12-23 14:45:00-05:00,85.19999694824219,85.37999725341797,85.19499969482422,85.3499984741211,85.3499984741211,9103.0
2021-12-23 14:50:00-05:00,85.37000274658203,85.41999816894531,85.3656997680664,85.41999816894531,85.41999816894531,4080.0
2021-12-23 14:55:00-05:00,85.42500305175781,85.48210144042969,85.41000366210938,85.44950103759766,85.44950103759766,8645.0
2021-12-23 15:00:00-05:00,85.43000030517578,85.43000030517578,85.3499984741211,85.3499984741211,85.3499984741211,8918.0
2021-12-23 15:05:00-05:00,85.36000061035156,85.37999725341797,85.33999633789062,85.35639953613281,85.35639953613281,11198.0
2021-12-23 15:10:00-05:00,85.37000274658203,85.43000030517578,85.36000061035156,85.41999816894531,85.41999816894531,9690.0
2021-12-23 15:15:00-05:00,85.41999816894531,85.43000030517578,85.33999633789062,85.43000030517578,85.43000030517578,12833.0
2021-12-23 15:20:00-05:00,85.41999816894531,85.43499755859375,85.33999633789062,85.38999938964844,85.38999938964844,8827.0
2021-12-23 15:25:00-05:00,85.4000015258789,85.44999694824219,85.37000274658203,85.44999694824219,85.44999694824219,10686.0
2021-12-23 15:30:00-05:00,85.44999694824219,85.46499633789062,85.31999969482422,85.33499908447266,85.33499908447266,17464.0
2021-12-23 15:35:00-05:00,85.33499908447266,85.43900299072266,85.33499908447266,85.33999633789062,85.33999633789062,15414.0
2021-12-23 15:40:00-05:00,85.33999633789062,85.48999786376953,85.33999633789062,85.45999908447266,85.45999908447266,17196.0
2021-12-23 15:45:00-05:00,85.45010375976562,85.51000213623047,85.43000030517578,85.5,85.5,30028.0
2021-12-23 15:50:00-05:00,85.5199966430664,85.55999755859375,85.44999694824219,85.44999694824219,85.44999694824219,28712.0
2021-12-23 15:55:00-05:00,85.45999908447266,85.46499633789062,85.20500183105469,85.20999908447266,85.20999908447266,86259.0
2021-12-27 09:30:00-05:00,85.08999633789062,85.37999725341797,85.04000091552734,85.13999938964844,85.13999938964844,25746.0
2021-12-27 09:35:00-05:00,85.23999786376953,85.23999786376953,85.0,85.0,85.0,11178.0
2021-12-27 09:40:00-05:00,85.0,85.13999938964844,84.91999816894531,85.13999938964844,85.13999938964844,5677.0
2021-12-27 09:45:00-05:00,85.19000244140625,85.31999969482422,85.18000030517578,85.30000305175781,85.30000305175781,6148.0
2021-12-27 09:50:00-05:00,85.41999816894531,85.44999694824219,85.33999633789062,85.41000366210938,85.41000366210938,6127.0
2021-12-27 09:55:00-05:00,85.37000274658203,85.37000274658203,85.19000244140625,85.19000244140625,85.19000244140625,4677.0
2021-12-27 10:00:00-05:00,85.20999908447266,85.25,85.12000274658203,85.20999908447266,85.20999908447266,6123.0
2021-12-27 10:05:00-05:00,85.24500274658203,85.24500274658203,85.13999938964844,85.20999908447266,85.20999908447266,4858.0
2021-12-27 10:10:00-05:00,85.19000244140625,85.30000305175781,85.16999816894531,85.25,85.25,8695.0
2021-12-27 10:15:00-05:00,85.26000213623047,85.35990142822266,85.23999786376953,85.27999877929688,85.27999877929688,7032.0
2021-12-27 10:20:00-05:00,85.33000183105469,85.41999816894531,85.32009887695312,85.37580108642578,85.37580108642578,6218.0
2021-12-27 10:25:00-05:00,85.37999725341797,85.38500213623047,85.29000091552734,85.375,85.375,7112.0
2021-12-27 10:30:00-05:00,85.44999694824219,85.52999877929688,85.4209976196289,85.5,85.5,14015.0
2021-12-27 10:35:00-05:00,85.49199676513672,85.58000183105469,85.49199676513672,85.51000213623047,85.51000213623047,7448.0
2021-12-27 10:40:00-05:00,85.5199966430664,85.56999969482422,85.5,85.529296875,85.529296875,6218.0
2021-12-27 10:45:00-05:00,85.54000091552734,85.63899993896484,85.52999877929688,85.63899993896484,85.63899993896484,11736.0
2021-12-27 10:50:00-05:00,85.5999984741211,85.63500213623047,85.55999755859375,85.61000061035156,85.61000061035156,5584.0
2021-12-27 10:55:00-05:00,85.61000061035156,85.62999725341797,85.56999969482422,85.6050033569336,85.6050033569336,5224.0
2021-12-27 11:00:00-05:00,85.61000061035156,85.69499969482422,85.61000061035156,85.69499969482422,85.69499969482422,7095.0
2021-12-27 11:05:00-05:00,85.70899963378906,85.72000122070312,85.66000366210938,85.70999908447266,85.70999908447266,7756.0
2021-12-27 11:10:00-05:00,85.71029663085938,85.75,85.58999633789062,85.61000061035156,85.61000061035156,8619.0
2021-12-27 11:15:00-05:00,85.62999725341797,85.6989974975586,85.61000061035156,85.67500305175781,85.67500305175781,3443.0
2021-12-27 11:20:00-05:00,85.69000244140625,85.69000244140625,85.63999938964844,85.68000030517578,85.68000030517578,5008.0
2021-12-27 11:25:00-05:00,85.63999938964844,85.66999816894531,85.61000061035156,85.66999816894531,85.66999816894531,3589.0
2021-12-27 11:30:00-05:00,85.63999938964844,85.69999694824219,85.63999938964844,85.69000244140625,85.69000244140625,4610.0
2021-12-27 11:35:00-05:00,85.69000244140625,85.69000244140625,85.61000061035156,85.61000061035156,85.61000061035156,4964.0
2021-12-27 11:40:00-05:00,85.606201171875,85.7699966430664,85.58999633789062,85.74410247802734,85.74410247802734,17422.0
2021-12-27 11:45:00-05:00,85.72000122070312,85.7699966430664,85.72000122070312,85.76000213623047,85.76000213623047,2522.0
2021-12-27 11:50:00-05:00,85.7300033569336,85.76499938964844,85.69999694824219,85.73999786376953,85.73999786376953,5275.0
2021-12-27 11:55:00-05:00,85.7300033569336,85.80500030517578,85.7300033569336,85.80500030517578,85.80500030517578,7246.0
2021-12-27 12:00:00-05:00,85.77999877929688,85.84500122070312,85.77999877929688,85.84500122070312,85.84500122070312,2522.0
2021-12-27 12:05:00-05:00,85.8499984741211,85.8499984741211,85.77999877929688,85.77999877929688,85.77999877929688,4231.0
2021-12-27 12:10:00-05:00,85.79000091552734,85.87999725341797,85.77999877929688,85.87999725341797,85.87999725341797,7063.0
2021-12-27 12:15:00-05:00,85.87000274658203,85.9000015258789,85.83999633789062,85.88999938964844,85.88999938964844,3939.0
2021-12-27 12:20:00-05:00,85.91000366210938,85.95999908447266,85.9000015258789,85.91999816894531,85.91999816894531,4077.0
2021-12-27 12:25:00-05:00,85.91999816894531,85.94999694824219,85.83999633789062,85.8447036743164,85.8447036743164,5209.0
2021-12-27 12:30:00-05:00,85.83000183105469,85.8489990234375,85.80000305175781,85.80000305175781,85.80000305175781,7427.0
2021-12-27 12:35:00-05:00,85.79000091552734,85.8499984741211,85.79000091552734,85.82499694824219,85.82499694824219,4700.0
2021-12-27 12:40:00-05:00,85.83999633789062,85.88999938964844,85.79949951171875,85.79949951171875,85.79949951171875,4586.0
2021-12-27 12:45:00-05:00,85.77999877929688,85.77999877929688,85.72000122070312,85.75,85.75,6843.0
2021-12-27 12:50:00-05:00,85.75,85.77999877929688,85.70999908447266,85.76619720458984,85.76619720458984,4765.0
2021-12-27 12:55:00-05:00,85.7699966430664,85.81999969482422,85.7699966430664,85.81999969482422,85.81999969482422,3440.0
2021-12-27 13:00:00-05:00,85.79499816894531,85.80999755859375,85.77999877929688,85.79000091552734,85.79000091552734,3011.0
2021-12-27 13:05:00-05:00,85.79000091552734,85.80000305175781,85.7699966430664,85.79000091552734,85.79000091552734,4843.0
2021-12-27 13:10:00-05:00,85.7699966430664,85.79000091552734,85.7699966430664,85.7699966430664,85.7699966430664,2091.0
2021-12-27 13:15:00-05:00,85.75,85.76000213623047,85.73999786376953,85.74099731445312,85.74099731445312,3238.0
2021-12-27 13:20:00-05:00,85.76899719238281,85.76899719238281,85.72000122070312,85.73999786376953,85.73999786376953,3403.0
2021-12-27 13:25:00-05:00,85.75,85.77999877929688,85.75,85.76000213623047,85.76000213623047,2788.0
2021-12-27 13:30:00-05:00,85.76000213623047,85.7699966430664,85.7300033569336,85.73999786376953,85.73999786376953,4079.0
2021-12-27 13:35:00-05:00,85.73999786376953,85.73999786376953,85.70999908447266,85.72959899902344,85.72959899902344,5137.0
2021-12-27 13:40:00-05:00,85.7300033569336,85.80000305175781,85.7300033569336,85.7842025756836,85.7842025756836,7141.0
2021-12-27 13:45:00-05:00,85.77999877929688,85.77999877929688,85.7699966430664,85.7750015258789,85.7750015258789,4917.0
2021-12-27 13:50:00-05:00,85.7699966430664,85.78500366210938,85.76000213623047,85.76000213623047,85.76000213623047,3074.0
2021-12-27 13:55:00-05:00,85.7699966430664,85.80999755859375,85.75,85.77999877929688,85.77999877929688,5994.0
2021-12-27 14:00:00-05:00,85.77999877929688,85.77999877929688,85.7145004272461,85.7145004272461,85.7145004272461,3628.0
2021-12-27 14:05:00-05:00,85.70999908447266,85.75,85.68000030517578,85.75,85.75,16227.0
2021-12-27 14:10:00-05:00,85.73999786376953,85.77999877929688,85.7300033569336,85.77999877929688,85.77999877929688,6269.0
2021-12-27 14:15:00-05:00,85.76000213623047,85.77999877929688,85.71099853515625,85.73999786376953,85.73999786376953,5140.0
2021-12-27 14:20:00-05:00,85.75,85.79900360107422,85.73999786376953,85.79900360107422,85.79900360107422,4164.0
2021-12-27 14:25:00-05:00,85.79000091552734,85.80999755859375,85.77100372314453,85.80999755859375,85.80999755859375,5818.0
2021-12-27 14:30:00-05:00,85.80999755859375,85.83999633789062,85.80000305175781,85.83000183105469,85.83000183105469,5695.0
2021-12-27 14:35:00-05:00,85.83000183105469,85.86000061035156,85.79000091552734,85.80999755859375,85.80999755859375,10420.0
2021-12-27 14:40:00-05:00,85.81999969482422,85.86000061035156,85.80999755859375,85.81999969482422,85.81999969482422,4040.0
2021-12-27 14:45:00-05:00,85.80999755859375,85.80999755859375,85.7699966430664,85.77999877929688,85.77999877929688,4745.0
2021-12-27 14:50:00-05:00,85.80000305175781,85.81999969482422,85.77999877929688,85.80000305175781,85.80000305175781,2929.0
2021-12-27 14:55:00-05:00,85.79000091552734,85.81999969482422,85.7699966430664,85.77999877929688,85.77999877929688,7952.0
2021-12-27 15:00:00-05:00,85.77999877929688,85.8489990234375,85.76000213623047,85.8489990234375,85.8489990234375,7885.0
2021-12-27 15:05:00-05:00,85.83000183105469,85.83000183105469,85.7699966430664,85.80000305175781,85.80000305175781,7990.0
2021-12-27 15:10:00-05:00,85.78500366210938,85.78500366210938,85.7300033569336,85.76000213623047,85.76000213623047,6822.0
2021-12-27 15:15:00-05:00,85.75,85.77999877929688,85.72000122070312,85.77999877929688,85.77999877929688,8177.0
2021-12-27 15:20:00-05:00,85.79000091552734,85.85900115966797,85.77999877929688,85.83999633789062,85.83999633789062,8335.0
2021-12-27 15:25:00-05:00,85.83999633789062,85.9000015258789,85.83999633789062,85.86000061035156,85.86000061035156,13134.0
2021-12-27 15:30:00-05:00,85.87000274658203,85.9800033569336,85.87000274658203,85.91999816894531,85.91999816894531,15736.0
2021-12-27 15:35:00-05:00,85.91000366210938,85.94999694824219,85.88500213623047,85.88500213623047,85.88500213623047,15346.0
2021-12-27 15:40:00-05:00,85.9000015258789,85.93000030517578,85.87999725341797,85.91999816894531,85.91999816894531,12068.0
2021-12-27 15:45:00-05:00,85.91999816894531,85.97000122070312,85.91999816894531,85.94999694824219,85.94999694824219,19136.0
2021-12-27 15:50:00-05:00,85.95999908447266,86.12999725341797,85.95999908447266,86.08999633789062,86.08999633789062,40478.0
2021-12-27 15:55:00-05:00,86.09500122070312,86.16000366210938,86.05999755859375,86.16000366210938,86.16000366210938,50033.0
2021-12-28 09:30:00-05:00,85.94000244140625,86.5,85.94000244140625,86.5,86.5,18478.0
2021-12-28 09:35:00-05:00,86.44000244140625,86.54000091552734,86.33999633789062,86.52999877929688,86.52999877929688,7630.0
2021-12-28 09:40:00-05:00,86.5999984741211,86.62999725341797,86.44999694824219,86.44999694824219,86.44999694824219,3372.0
2021-12-28 09:45:00-05:00,86.44999694824219,86.5199966430664,86.4000015258789,86.44999694824219,86.44999694824219,6554.0
2021-12-28 09:50:00-05:00,86.43289947509766,86.55000305175781,86.38999938964844,86.5250015258789,86.5250015258789,6381.0
2021-12-28 09:55:00-05:00,86.5199966430664,86.61000061035156,86.48999786376953,86.5999984741211,86.5999984741211,22572.0
2021-12-28 10:00:00-05:00,86.61000061035156,86.69999694824219,86.55000305175781,86.55500030517578,86.55500030517578,8446.0
2021-12-28 10:05:00-05:00,86.48999786376953,86.58000183105469,86.48999786376953,86.51000213623047,86.51000213623047,5019.0
2021-12-28 10:10:00-05:00,86.47000122070312,86.69999694824219,86.44000244140625,86.62000274658203,86.62000274658203,10663.0
2021-12-28 10:15:00-05:00,86.66000366210938,86.69999694824219,86.61000061035156,86.61000061035156,86.61000061035156,8331.0
2021-12-28 10:20:00-05:00,86.625,86.63500213623047,86.4801025390625,86.58000183105469,86.58000183105469,6819.0
2021-12-28 10:25:00-05:00,86.56999969482422,86.56999969482422,86.45999908447266,86.45999908447266,86.45999908447266,3947.0
2021-12-28 10:30:00-05:00,86.4749984741211,86.50900268554688,86.44000244140625,86.44000244140625,86.44000244140625,8424.0
2021-12-28 10:35:00-05:00,86.43489837646484,86.43489837646484,86.3499984741211,86.3499984741211,86.3499984741211,3891.0
2021-12-28 10:40:00-05:00,86.38999938964844,86.47000122070312,86.33000183105469,86.45089721679688,86.45089721679688,3288.0
2021-12-28 10:45:00-05:00,86.4800033569336,86.5199966430664,86.41000366210938,86.43939971923828,86.43939971923828,3821.0
2021-12-28 10:50:00-05:00,86.43000030517578,86.44000244140625,86.33000183105469,86.33999633789062,86.33999633789062,4417.0
2021-12-28 10:55:00-05:00,86.3499984741211,86.37999725341797,86.33000183105469,86.37899780273438,86.37899780273438,2095.0
2021-12-28 11:00:00-05:00,86.37999725341797,86.41000366210938,86.33999633789062,86.36000061035156,86.36000061035156,6063.0
2021-12-28 11:05:00-05:00,86.30999755859375,86.375,86.2750015258789,86.3196029663086,86.3196029663086,5047.0
2021-12-28 11:10:00-05:00,86.33000183105469,86.37999725341797,86.33000183105469,86.33999633789062,86.33999633789062,3068.0
2021-12-28 11:15:00-05:00,86.36000061035156,86.37000274658203,86.3385009765625,86.37000274658203,86.37000274658203,2178.0
2021-12-28 11:20:00-05:00,86.4000015258789,86.47000122070312,86.37999725341797,86.41999816894531,86.41999816894531,5850.0
2021-12-28 11:25:00-05:00,86.4000015258789,86.44000244140625,86.37999725341797,86.44000244140625,86.44000244140625,7545.0
2021-12-28 11:30:00-05:00,86.44999694824219,86.5,86.41999816894531,86.48500061035156,86.48500061035156,17737.0
2021-12-28 11:35:00-05:00,86.4800033569336,86.52999877929688,86.44000244140625,86.51909637451172,86.51909637451172,8048.0
2021-12-28 11:40:00-05:00,86.48049926757812,86.5,86.41000366210938,86.43000030517578,86.43000030517578,3567.0
2021-12-28 11:45:00-05:00,86.38999938964844,86.38999938964844,86.31999969482422,86.36499786376953,86.36499786376953,6850.0
2021-12-28 11:50:00-05:00,86.38999938964844,86.41999816894531,86.37999725341797,86.37999725341797,86.37999725341797,830.0
2021-12-28 11:55:00-05:00,86.4000015258789,86.42140197753906,86.38500213623047,86.41999816894531,86.41999816894531,2272.0
2021-12-28 12:00:00-05:00,86.41999816894531,86.5,86.41999816894531,86.4749984741211,86.4749984741211,6732.0
2021-12-28 12:05:00-05:00,86.44999694824219,86.45999908447266,86.38999938964844,86.43000030517578,86.43000030517578,25744.0
2021-12-28 12:10:00-05:00,86.43900299072266,86.43900299072266,86.375,86.38600158691406,86.38600158691406,2698.0
2021-12-28 12:15:00-05:00,86.39969635009766,86.45089721679688,86.39969635009766,86.4000015258789,86.4000015258789,6722.0
2021-12-28 12:20:00-05:00,86.41999816894531,86.41999816894531,86.37999725341797,86.38500213623047,86.38500213623047,3455.0
2021-12-28 12:25:00-05:00,86.37000274658203,86.38999938964844,86.2699966430664,86.27999877929688,86.27999877929688,4575.0
2021-12-28 12:30:00-05:00,86.2699966430664,86.29000091552734,86.20999908447266,86.2249984741211,86.2249984741211,8325.0
2021-12-28 12:35:00-05:00,86.26000213623047,86.30000305175781,86.19499969482422,86.20320129394531,86.20320129394531,4838.0
2021-12-28 12:40:00-05:00,86.18000030517578,86.23999786376953,86.18000030517578,86.19000244140625,86.19000244140625,4194.0
2021-12-28 12:45:00-05:00,86.16000366210938,86.20999908447266,86.16000366210938,86.20999908447266,86.20999908447266,4213.0
2021-12-28 12:50:00-05:00,86.19000244140625,86.26000213623047,86.19000244140625,86.2300033569336,86.2300033569336,6713.0
2021-12-28 12:55:00-05:00,86.22000122070312,86.27999877929688,86.22000122070312,86.24729919433594,86.24729919433594,3249.0
2021-12-28 13:00:00-05:00,86.2699966430664,86.33999633789062,86.2699966430664,86.29000091552734,86.29000091552734,2218.0
2021-12-28 13:05:00-05:00,86.31999969482422,86.3949966430664,86.31999969482422,86.36499786376953,86.36499786376953,4209.0
2021-12-28 13:10:00-05:00,86.3407974243164,86.37899780273438,86.30999755859375,86.30999755859375,86.30999755859375,5906.0
2021-12-28 13:15:00-05:00,86.31500244140625,86.33999633789062,86.30000305175781,86.31999969482422,86.31999969482422,5818.0
2021-12-28 13:20:00-05:00,86.30999755859375,86.37999725341797,86.30999755859375,86.3499984741211,86.3499984741211,5845.0
2021-12-28 13:25:00-05:00,86.3550033569336,86.37000274658203,86.30999755859375,86.33000183105469,86.33000183105469,5777.0
2021-12-28 13:30:00-05:00,86.30999755859375,86.33000183105469,86.27999877929688,86.31500244140625,86.31500244140625,4247.0
2021-12-28 13:35:00-05:00,86.30999755859375,86.36000061035156,86.30000305175781,86.33000183105469,86.33000183105469,5977.0
2021-12-28 13:40:00-05:00,86.3499984741211,86.38999938964844,86.31099700927734,86.33000183105469,86.33000183105469,4939.0
2021-12-28 13:45:00-05:00,86.33000183105469,86.4000015258789,86.33000183105469,86.4000015258789,86.4000015258789,5031.0
2021-12-28 13:50:00-05:00,86.40560150146484,86.41999816894531,86.37000274658203,86.37999725341797,86.37999725341797,6444.0
2021-12-28 13:55:00-05:00,86.38500213623047,86.44999694824219,86.36000061035156,86.43000030517578,86.43000030517578,6870.0
2021-12-28 14:00:00-05:00,86.43000030517578,86.44000244140625,86.37000274658203,86.38999938964844,86.38999938964844,8295.0
2021-12-28 14:05:00-05:00,86.375,86.41000366210938,86.36329650878906,86.37000274658203,86.37000274658203,5836.0
2021-12-28 14:10:00-05:00,86.37000274658203,86.37000274658203,86.29000091552734,86.31999969482422,86.31999969482422,13653.0
2021-12-28 14:15:00-05:00,86.30999755859375,86.31999969482422,86.2699966430664,86.28099822998047,86.28099822998047,7773.0
2021-12-28 14:20:00-05:00,86.29499816894531,86.33999633789062,86.27999877929688,86.31999969482422,86.31999969482422,8302.0
2021-12-28 14:25:00-05:00,86.33999633789062,86.3499984741211,86.30000305175781,86.31999969482422,86.31999969482422,5150.0
2021-12-28 14:30:00-05:00,86.31999969482422,86.33309936523438,86.30000305175781,86.31999969482422,86.31999969482422,6077.0
2021-12-28 14:35:00-05:00,86.31999969482422,86.38999938964844,86.30999755859375,86.36900329589844,86.36900329589844,6270.0
2021-12-28 14:40:00-05:00,86.37000274658203,86.41999816894531,86.3499984741211,86.41999816894531,86.41999816894531,5973.0
2021-12-28 14:45:00-05:00,86.4000015258789,86.43000030517578,86.37999725341797,86.41999816894531,86.41999816894531,6720.0
2021-12-28 14:50:00-05:00,86.41000366210938,86.41999816894531,86.37000274658203,86.40499877929688,86.40499877929688,8096.0
2021-12-28 14:55:00-05:00,86.41999816894531,86.4800033569336,86.41000366210938,86.44000244140625,86.44000244140625,9153.0
2021-12-28 15:00:00-05:00,86.43000030517578,86.44000244140625,86.39099884033203,86.43000030517578,86.43000030517578,7377.0
2021-12-28 15:05:00-05:00,86.43000030517578,86.4800033569336,86.40499877929688,86.4800033569336,86.4800033569336,10670.0
2021-12-28 15:10:00-05:00,86.47000122070312,86.58999633789062,86.45999908447266,86.55999755859375,86.55999755859375,15758.0
2021-12-28 15:15:00-05:00,86.55000305175781,86.62999725341797,86.5199966430664,86.58429718017578,86.58429718017578,22940.0
2021-12-28 15:20:00-05:00,86.57499694824219,86.62000274658203,86.44000244140625,86.45999908447266,86.45999908447266,22411.0
2021-12-28 15:25:00-05:00,86.45999908447266,86.51000213623047,86.375,86.375,86.375,26015.0
2021-12-28 15:30:00-05:00,86.38500213623047,86.5,86.36000061035156,86.5,86.5,13967.0
2021-12-28 15:35:00-05:00,86.48999786376953,86.52999877929688,86.44999694824219,86.52999877929688,86.52999877929688,15018.0
2021-12-28 15:40:00-05:00,86.52999877929688,86.6050033569336,86.5199966430664,86.53500366210938,86.53500366210938,22862.0
2021-12-28 15:45:00-05:00,86.5199966430664,86.62999725341797,86.5199966430664,86.62999725341797,86.62999725341797,18148.0
2021-12-28 15:50:00-05:00,86.63999938964844,86.66000366210938,86.57499694824219,86.62000274658203,86.62000274658203,49514.0
2021-12-28 15:55:00-05:00,86.61000061035156,86.69000244140625,86.58000183105469,86.68000030517578,86.68000030517578,114259.0
2021-12-29 09:30:00-05:00,86.66999816894531,86.72000122070312,86.4800033569336,86.62000274658203,86.62000274658203,34836.0
2021-12-29 09:35:00-05:00,86.66999816894531,86.66999816894531,86.19999694824219,86.33409881591797,86.33409881591797,7447.0
2021-12-29 09:40:00-05:00,86.23999786376953,86.44999694824219,86.2300033569336,86.38999938964844,86.38999938964844,5690.0
2021-12-29 09:45:00-05:00,86.3949966430664,86.54000091552734,86.33000183105469,86.48999786376953,86.48999786376953,5685.0
2021-12-29 09:50:00-05:00,86.43000030517578,86.43000030517578,86.2300033569336,86.31999969482422,86.31999969482422,5918.0
2021-12-29 09:55:00-05:00,86.3499984741211,86.38999938964844,86.30999755859375,86.3499984741211,86.3499984741211,4816.0
2021-12-29 10:00:00-05:00,86.4000015258789,86.58999633789062,86.4000015258789,86.4800033569336,86.4800033569336,9087.0
2021-12-29 10:05:00-05:00,86.55000305175781,86.61000061035156,86.5199966430664,86.54000091552734,86.54000091552734,10716.0
2021-12-29 10:10:00-05:00,86.55999755859375,86.6989974975586,86.55999755859375,86.6989974975586,86.6989974975586,4167.0
2021-12-29 10:15:00-05:00,86.63999938964844,86.75900268554688,86.5999984741211,86.70500183105469,86.70500183105469,9511.0
2021-12-29 10:20:00-05:00,86.71499633789062,86.7300033569336,86.6500015258789,86.71499633789062,86.71499633789062,6532.0
2021-12-29 10:25:00-05:00,86.73899841308594,86.80999755859375,86.62000274658203,86.62000274658203,86.62000274658203,9133.0
2021-12-29 10:30:00-05:00,86.66899871826172,86.81999969482422,86.66899871826172,86.80000305175781,86.80000305175781,8159.0
2021-12-29 10:35:00-05:00,86.77999877929688,86.77999877929688,86.71009826660156,86.72000122070312,86.72000122070312,7796.0
2021-12-29 10:40:00-05:00,86.73999786376953,86.77999877929688,86.72000122070312,86.73999786376953,86.73999786376953,3043.0
2021-12-29 10:45:00-05:00,86.70359802246094,86.73999786376953,86.68499755859375,86.69249725341797,86.69249725341797,7103.0
2021-12-29 10:50:00-05:00,86.7300033569336,86.74800109863281,86.61000061035156,86.6500015258789,86.6500015258789,5310.0
2021-12-29 10:55:00-05:00,86.62999725341797,86.6500015258789,86.58000183105469,86.62999725341797,86.62999725341797,4784.0
2021-12-29 11:00:00-05:00,86.63999938964844,86.69999694824219,86.55000305175781,86.58000183105469,86.58000183105469,4030.0
2021-12-29 11:05:00-05:00,86.55999755859375,86.55999755859375,86.47000122070312,86.5,86.5,5660.0
2021-12-29 11:10:00-05:00,86.48999786376953,86.5,86.45670318603516,86.5,86.5,2655.0
2021-12-29 11:15:00-05:00,86.5,86.62000274658203,86.48999786376953,86.62000274658203,86.62000274658203,4913.0
2021-12-29 11:20:00-05:00,86.61599731445312,86.66000366210938,86.5999984741211,86.66000366210938,86.66000366210938,3223.0
2021-12-29 11:25:00-05:00,86.66999816894531,86.68000030517578,86.62000274658203,86.62999725341797,86.62999725341797,4643.0
2021-12-29 11:30:00-05:00,86.5999984741211,86.6500015258789,86.57099914550781,86.61000061035156,86.61000061035156,3308.0
2021-12-29 11:35:00-05:00,86.6500015258789,86.66999816894531,86.58999633789062,86.5999984741211,86.5999984741211,14978.0
2021-12-29 11:40:00-05:00,86.61900329589844,86.63999938964844,86.56999969482422,86.63500213623047,86.63500213623047,4268.0
2021-12-29 11:45:00-05:00,86.65899658203125,86.72000122070312,86.61000061035156,86.72000122070312,86.72000122070312,4382.0
2021-12-29 11:50:00-05:00,86.73999786376953,86.7699966430664,86.66999816894531,86.68499755859375,86.68499755859375,5158.0
2021-12-29 11:55:00-05:00,86.70999908447266,86.72000122070312,86.63999938964844,86.66500091552734,86.66500091552734,13565.0
2021-12-29 12:00:00-05:00,86.69999694824219,86.70899963378906,86.63999938964844,86.6500015258789,86.6500015258789,4732.0
2021-12-29 12:05:00-05:00,86.6449966430664,86.72000122070312,86.5999984741211,86.67500305175781,86.67500305175781,10219.0
2021-12-29 12:10:00-05:00,86.68000030517578,86.7300033569336,86.67500305175781,86.67500305175781,86.67500305175781,4426.0
2021-12-29 12:15:00-05:00,86.69000244140625,86.72000122070312,86.6104965209961,86.62000274658203,86.62000274658203,5973.0
2021-12-29 12:20:00-05:00,86.62000274658203,86.66999816894531,86.5999984741211,86.64749908447266,86.64749908447266,5357.0
2021-12-29 12:25:00-05:00,86.66999816894531,86.69499969482422,86.62000274658203,86.69499969482422,86.69499969482422,5559.0
2021-12-29 12:30:00-05:00,86.72000122070312,86.7300033569336,86.69000244140625,86.69999694824219,86.69999694824219,5894.0
2021-12-29 12:35:00-05:00,86.70999908447266,86.73999786376953,86.69999694824219,86.71499633789062,86.71499633789062,7101.0
2021-12-29 12:40:00-05:00,86.72000122070312,86.73999786376953,86.69000244140625,86.69000244140625,86.69000244140625,6890.0
2021-12-29 12:45:00-05:00,86.69999694824219,86.70999908447266,86.6500015258789,86.6500015258789,86.6500015258789,5674.0
2021-12-29 12:50:00-05:00,86.6500015258789,86.69999694824219,86.58999633789062,86.6050033569336,86.6050033569336,8041.0
2021-12-29 12:55:00-05:00,86.62000274658203,86.68000030517578,86.62000274658203,86.66999816894531,86.66999816894531,3612.0
2021-12-29 13:00:00-05:00,86.69000244140625,86.69999694824219,86.6500015258789,86.69999694824219,86.69999694824219,4534.0
2021-12-29 13:05:00-05:00,86.70999908447266,86.70999908447266,86.6500015258789,86.68000030517578,86.68000030517578,3971.0
2021-12-29 13:10:00-05:00,86.69999694824219,86.69999694824219,86.66999816894531,86.69000244140625,86.69000244140625,4616.0
2021-12-29 13:15:00-05:00,86.66999816894531,86.68000030517578,86.58999633789062,86.58999633789062,86.58999633789062,4926.0
2021-12-29 13:20:00-05:00,86.61000061035156,86.61000061035156,86.52999877929688,86.52999877929688,86.52999877929688,5906.0
2021-12-29 13:25:00-05:00,86.54000091552734,86.55999755859375,86.51000213623047,86.55999755859375,86.55999755859375,2793.0
2021-12-29 13:30:00-05:00,86.55999755859375,86.56500244140625,86.5,86.5,86.5,7537.0
2021-12-29 13:35:00-05:00,86.51000213623047,86.51000213623047,86.42960357666016,86.44999694824219,86.44999694824219,8433.0
2021-12-29 13:40:00-05:00,86.44999694824219,86.5,86.44999694824219,86.5,86.5,9677.0
2021-12-29 13:45:00-05:00,86.48999786376953,86.5250015258789,86.4749984741211,86.5199966430664,86.5199966430664,5598.0
2021-12-29 13:50:00-05:00,86.5199966430664,86.59950256347656,86.5199966430664,86.55000305175781,86.55000305175781,6390.0
2021-12-29 13:55:00-05:00,86.56500244140625,86.58000183105469,86.54000091552734,86.58000183105469,86.58000183105469,5317.0
2021-12-29 14:00:00-05:00,86.58000183105469,86.58999633789062,86.52999877929688,86.55000305175781,86.55000305175781,9542.0
2021-12-29 14:05:00-05:00,86.55500030517578,86.61000061035156,86.55500030517578,86.5999984741211,86.5999984741211,5316.0
2021-12-29 14:10:00-05:00,86.61000061035156,86.62000274658203,86.45999908447266,86.47000122070312,86.47000122070312,17139.0
2021-12-29 14:15:00-05:00,86.47000122070312,86.5199966430664,86.46990203857422,86.5199966430664,86.5199966430664,6153.0
2021-12-29 14:20:00-05:00,86.52999877929688,86.55500030517578,86.5,86.50499725341797,86.50499725341797,5641.0
2021-12-29 14:25:00-05:00,86.50499725341797,86.53520202636719,86.4800033569336,86.51000213623047,86.51000213623047,5486.0
2021-12-29 14:30:00-05:00,86.51000213623047,86.5199966430664,86.45999908447266,86.45999908447266,86.45999908447266,5548.0
2021-12-29 14:35:00-05:00,86.45999908447266,86.46990203857422,86.43000030517578,86.44999694824219,86.44999694824219,7641.0
2021-12-29 14:40:00-05:00,86.47000122070312,86.4749984741211,86.43000030517578,86.44499969482422,86.44499969482422,3571.0
2021-12-29 14:45:00-05:00,86.43000030517578,86.44999694824219,86.42500305175781,86.43000030517578,86.43000030517578,6637.0
2021-12-29 14:50:00-05:00,86.41999816894531,86.45999908447266,86.3949966430664,86.40499877929688,86.40499877929688,7755.0
2021-12-29 14:55:00-05:00,86.41999816894531,86.48500061035156,86.41999816894531,86.48500061035156,86.48500061035156,7427.0
2021-12-29 15:00:00-05:00,86.4800033569336,86.55000305175781,86.4800033569336,86.55000305175781,86.55000305175781,4776.0
2021-12-29 15:05:00-05:00,86.55000305175781,86.55999755859375,86.47000122070312,86.48999786376953,86.48999786376953,13809.0
2021-12-29 15:10:00-05:00,86.48999786376953,86.58000183105469,86.4800033569336,86.52999877929688,86.52999877929688,7073.0
2021-12-29 15:15:00-05:00,86.52999877929688,86.55999755859375,86.51000213623047,86.53500366210938,86.53500366210938,5816.0
2021-12-29 15:20:00-05:00,86.53500366210938,86.58999633789062,86.50499725341797,86.58999633789062,86.58999633789062,9277.0
2021-12-29 15:25:00-05:00,86.57499694824219,86.61000061035156,86.57499694824219,86.61000061035156,86.61000061035156,8826.0
2021-12-29 15:30:00-05:00,86.62000274658203,86.63169860839844,86.56999969482422,86.6050033569336,86.6050033569336,15625.0
2021-12-29 15:35:00-05:00,86.62000274658203,86.6500015258789,86.5199966430664,86.5199966430664,86.5199966430664,13749.0
2021-12-29 15:40:00-05:00,86.52999877929688,86.55000305175781,86.4800033569336,86.49500274658203,86.49500274658203,16204.0
2021-12-29 15:45:00-05:00,86.49500274658203,86.58000183105469,86.48999786376953,86.55000305175781,86.55000305175781,20884.0
2021-12-29 15:50:00-05:00,86.55999755859375,86.62000274658203,86.5199966430664,86.55000305175781,86.55000305175781,47080.0
2021-12-29 15:55:00-05:00,86.54000091552734,86.56999969482422,86.37999725341797,86.44999694824219,86.44999694824219,84215.0
2021-12-30 09:30:00-05:00,86.61000061035156,86.6500015258789,86.46179962158203,86.55999755859375,86.55999755859375,16527.0
2021-12-30 09:35:00-05:00,86.5999984741211,86.69000244140625,86.5199966430664,86.5199966430664,86.5199966430664,4911.0
2021-12-30 09:40:00-05:00,86.5199966430664,86.66000366210938,86.5199966430664,86.66000366210938,86.66000366210938,2158.0
2021-12-30 09:45:00-05:00,86.52999877929688,86.6500015258789,86.52999877929688,86.62999725341797,86.62999725341797,5859.0
2021-12-30 09:50:00-05:00,86.62139892578125,86.625,86.52999877929688,86.59750366210938,86.59750366210938,4429.0
2021-12-30 09:55:00-05:00,86.5999984741211,86.63999938964844,86.54000091552734,86.5999984741211,86.5999984741211,3671.0
2021-12-30 10:00:00-05:00,86.59500122070312,86.75,86.59500122070312,86.66999816894531,86.66999816894531,13809.0
2021-12-30 10:05:00-05:00,86.68000030517578,86.68000030517578,86.625,86.625,86.625,6697.0
2021-12-30 10:10:00-05:00,86.62750244140625,86.66000366210938,86.55999755859375,86.62999725341797,86.62999725341797,3780.0
2021-12-30 10:15:00-05:00,86.62999725341797,86.69000244140625,86.5895004272461,86.5895004272461,86.5895004272461,5689.0
2021-12-30 10:20:00-05:00,86.60600280761719,86.60600280761719,86.45999908447266,86.49500274658203,86.49500274658203,4754.0
2021-12-30 10:25:00-05:00,86.50270080566406,86.5199966430664,86.47000122070312,86.47000122070312,86.47000122070312,7005.0
2021-12-30 10:30:00-05:00,86.44000244140625,86.50599670410156,86.41999816894531,86.43000030517578,86.43000030517578,6557.0
2021-12-30 10:35:00-05:00,86.43000030517578,86.43000030517578,86.27999877929688,86.27999877929688,86.27999877929688,5980.0
2021-12-30 10:40:00-05:00,86.23999786376953,86.26899719238281,86.16999816894531,86.16999816894531,86.16999816894531,3752.0
2021-12-30 10:45:00-05:00,86.19180297851562,86.19180297851562,86.08000183105469,86.08000183105469,86.08000183105469,4641.0
2021-12-30 10:50:00-05:00,86.0999984741211,86.21549987792969,86.06999969482422,86.21549987792969,86.21549987792969,4203.0
2021-12-30 10:55:00-05:00,86.16999816894531,86.25869750976562,86.125,86.25869750976562,86.25869750976562,5150.0
2021-12-30 11:00:00-05:00,86.2760009765625,86.33999633789062,86.2760009765625,86.30999755859375,86.30999755859375,4453.0
2021-12-30 11:05:00-05:00,86.26000213623047,86.26000213623047,86.19000244140625,86.20999908447266,86.20999908447266,3275.0
2021-12-30 11:10:00-05:00,86.20999908447266,86.27999877929688,86.19999694824219,86.27999877929688,86.27999877929688,6146.0
2021-12-30 11:15:00-05:00,86.26499938964844,86.29000091552734,86.16999816894531,86.16999816894531,86.16999816894531,7504.0
2021-12-30 11:20:00-05:00,86.19000244140625,86.20999908447266,86.12000274658203,86.13249969482422,86.13249969482422,5092.0
2021-12-30 11:25:00-05:00,86.08999633789062,86.1449966430664,86.08000183105469,86.11000061035156,86.11000061035156,3057.0
2021-12-30 11:30:00-05:00,86.13999938964844,86.19000244140625,86.12000274658203,86.19000244140625,86.19000244140625,7221.0
2021-12-30 11:35:00-05:00,86.16999816894531,86.20999908447266,86.13999938964844,86.1500015258789,86.1500015258789,4852.0
2021-12-30 11:40:00-05:00,86.16000366210938,86.16999816894531,86.1050033569336,86.16999816894531,86.16999816894531,3948.0
2021-12-30 11:45:00-05:00,86.18000030517578,86.29000091552734,86.15499877929688,86.26499938964844,86.26499938964844,6235.0
2021-12-30 11:50:00-05:00,86.2300033569336,86.2300033569336,86.18000030517578,86.2249984741211,86.2249984741211,2455.0
2021-12-30 11:55:00-05:00,86.2249984741211,86.23999786376953,86.20500183105469,86.20570373535156,86.20570373535156,4021.0
2021-12-30 12:00:00-05:00,86.20999908447266,86.2300033569336,86.16089630126953,86.19999694824219,86.19999694824219,4289.0
2021-12-30 12:05:00-05:00,86.18000030517578,86.22000122070312,86.16000366210938,86.16000366210938,86.16000366210938,4073.0
2021-12-30 12:10:00-05:00,86.16000366210938,86.19999694824219,86.1050033569336,86.1050033569336,86.1050033569336,7675.0
2021-12-30 12:15:00-05:00,86.12000274658203,86.1500015258789,86.0999984741211,86.13189697265625,86.13189697265625,5859.0
2021-12-30 12:20:00-05:00,86.12000274658203,86.13899993896484,86.08000183105469,86.08999633789062,86.08999633789062,3259.0
2021-12-30 12:25:00-05:00,86.0999984741211,86.1500015258789,86.08999633789062,86.1449966430664,86.1449966430664,7237.0
2021-12-30 12:30:00-05:00,86.16000366210938,86.18599700927734,86.13999938964844,86.18499755859375,86.18499755859375,4823.0
2021-12-30 12:35:00-05:00,86.17269897460938,86.20500183105469,86.13999938964844,86.1500015258789,86.1500015258789,7954.0
2021-12-30 12:40:00-05:00,86.16000366210938,86.16069793701172,86.12899780273438,86.12999725341797,86.12999725341797,5173.0
2021-12-30 12:45:00-05:00,86.12999725341797,86.2699966430664,86.12999725341797,86.2699966430664,86.2699966430664,3769.0
2021-12-30 12:50:00-05:00,86.26000213623047,86.27999877929688,86.2300033569336,86.27999877929688,86.27999877929688,3988.0
2021-12-30 12:55:00-05:00,86.2760009765625,86.30500030517578,86.2699966430664,86.27999877929688,86.27999877929688,3965.0
2021-12-30 13:00:00-05:00,86.31999969482422,86.3499984741211,86.29499816894531,86.29499816894531,86.29499816894531,5063.0
2021-12-30 13:05:00-05:00,86.29499816894531,86.34500122070312,86.27999877929688,86.32499694824219,86.32499694824219,5208.0
2021-12-30 13:10:00-05:00,86.36000061035156,86.38999938964844,86.3499984741211,86.37999725341797,86.37999725341797,2206.0
2021-12-30 13:15:00-05:00,86.39900207519531,86.39900207519531,86.31999969482422,86.33000183105469,86.33000183105469,7999.0
2021-12-30 13:20:00-05:00,86.31999969482422,86.37000274658203,86.31999969482422,86.37000274658203,86.37000274658203,2005.0
2021-12-30 13:25:00-05:00,86.36900329589844,86.39140319824219,86.32099914550781,86.33999633789062,86.33999633789062,8925.0
2021-12-30 13:30:00-05:00,86.33499908447266,86.4000015258789,86.33499908447266,86.4000015258789,86.4000015258789,5070.0
2021-12-30 13:35:00-05:00,86.41000366210938,86.41999816894531,86.3499984741211,86.36000061035156,86.36000061035156,6948.0
2021-12-30 13:40:00-05:00,86.36499786376953,86.36499786376953,86.29000091552734,86.30999755859375,86.30999755859375,5334.0
2021-12-30 13:45:00-05:00,86.31999969482422,86.44000244140625,86.29000091552734,86.44000244140625,86.44000244140625,17750.0
2021-12-30 13:50:00-05:00,86.44999694824219,86.5,86.43000030517578,86.44000244140625,86.44000244140625,5971.0
2021-12-30 13:55:00-05:00,86.44000244140625,86.44000244140625,86.4000015258789,86.41999816894531,86.41999816894531,3760.0
2021-12-30 14:00:00-05:00,86.44999694824219,86.47000122070312,86.41999816894531,86.47000122070312,86.47000122070312,11121.0
2021-12-30 14:05:00-05:00,86.45999908447266,86.45999908447266,86.37999725341797,86.37999725341797,86.37999725341797,6885.0
2021-12-30 14:10:00-05:00,86.37999725341797,86.38999938964844,86.33999633789062,86.37000274658203,86.37000274658203,6969.0
2021-12-30 14:15:00-05:00,86.37999725341797,86.4800033569336,86.37000274658203,86.4800033569336,86.4800033569336,3791.0
2021-12-30 14:20:00-05:00,86.47000122070312,86.52999877929688,86.47000122070312,86.52999877929688,86.52999877929688,5257.0
2021-12-30 14:25:00-05:00,86.5199966430664,86.55999755859375,86.51000213623047,86.55999755859375,86.55999755859375,6541.0
2021-12-30 14:30:00-05:00,86.55999755859375,86.58000183105469,86.52999877929688,86.55999755859375,86.55999755859375,4571.0
2021-12-30 14:35:00-05:00,86.55000305175781,86.58499908447266,86.52999877929688,86.58499908447266,86.58499908447266,6902.0
2021-12-30 14:40:00-05:00,86.58999633789062,86.61229705810547,86.58000183105469,86.61229705810547,86.61229705810547,3626.0
2021-12-30 14:45:00-05:00,86.61499786376953,86.62100219726562,86.56999969482422,86.56999969482422,86.56999969482422,4723.0
2021-12-30 14:50:00-05:00,86.58999633789062,86.58999633789062,86.5385971069336,86.56999969482422,86.56999969482422,5418.0
2021-12-30 14:55:00-05:00,86.55999755859375,86.56999969482422,86.5250015258789,86.53500366210938,86.53500366210938,5556.0
2021-12-30 15:00:00-05:00,86.52999877929688,86.55000305175781,86.48999786376953,86.52999877929688,86.52999877929688,6570.0
2021-12-30 15:05:00-05:00,86.52999877929688,86.54199981689453,86.5,86.52980041503906,86.52980041503906,7590.0
2021-12-30 15:10:00-05:00,86.5199966430664,86.58000183105469,86.51000213623047,86.54000091552734,86.54000091552734,10083.0
2021-12-30 15:15:00-05:00,86.52999877929688,86.52999877929688,86.49099731445312,86.51000213623047,86.51000213623047,5140.0
2021-12-30 15:20:00-05:00,86.51000213623047,86.51000213623047,86.41999816894531,86.44000244140625,86.44000244140625,9701.0
2021-12-30 15:25:00-05:00,86.43550109863281,86.5,86.4209976196289,86.48999786376953,86.48999786376953,10146.0
2021-12-30 15:30:00-05:00,86.47000122070312,86.47000122070312,86.3949966430664,86.44000244140625,86.44000244140625,10146.0
2021-12-30 15:35:00-05:00,86.43000030517578,86.59500122070312,86.41999816894531,86.59500122070312,86.59500122070312,12320.0
2021-12-30 15:40:00-05:00,86.58000183105469,86.58000183105469,86.51000213623047,86.51100158691406,86.51100158691406,13171.0
2021-12-30 15:45:00-05:00,86.51000213623047,86.55000305175781,86.46499633789062,86.48999786376953,86.48999786376953,21413.0
2021-12-30 15:50:00-05:00,86.51000213623047,86.5199966430664,86.36000061035156,86.41999816894531,86.41999816894531,31188.0
2021-12-30 15:55:00-05:00,86.41999816894531,86.42990112304688,86.23999786376953,86.3499984741211,86.3499984741211,108432.0
2021-12-31 09:30:00-05:00,86.4000015258789,86.7699966430664,86.4000015258789,86.7699966430664,86.7699966430664,12861.0
2021-12-31 09:35:00-05:00,86.72000122070312,86.79000091552734,86.66999816894531,86.69999694824219,86.69999694824219,3548.0
2021-12-31 09:40:00-05:00,86.6500015258789,86.69000244140625,86.5,86.5999984741211,86.5999984741211,6084.0
2021-12-31 09:45:00-05:00,86.63880157470703,86.69999694824219,86.55000305175781,86.6500015258789,86.6500015258789,8617.0
2021-12-31 09:50:00-05:00,86.62999725341797,86.72000122070312,86.62999725341797,86.69999694824219,86.69999694824219,2491.0
2021-12-31 09:55:00-05:00,86.66999816894531,86.70899963378906,86.56999969482422,86.56999969482422,86.56999969482422,6029.0
2021-12-31 10:00:00-05:00,86.62999725341797,86.83999633789062,86.61000061035156,86.79000091552734,86.79000091552734,7226.0
2021-12-31 10:05:00-05:00,86.79000091552734,86.86000061035156,86.77010345458984,86.79959869384766,86.79959869384766,10367.0
2021-12-31 10:10:00-05:00,86.75,86.8499984741211,86.7300033569336,86.81999969482422,86.81999969482422,4037.0
2021-12-31 10:15:00-05:00,86.79000091552734,86.80999755859375,86.73999786376953,86.80999755859375,86.80999755859375,8793.0
2021-12-31 10:20:00-05:00,86.83999633789062,86.8499984741211,86.73999786376953,86.76000213623047,86.76000213623047,5142.0
2021-12-31 10:25:00-05:00,86.77999877929688,86.83999633789062,86.73999786376953,86.83999633789062,86.83999633789062,4176.0
2021-12-31 10:30:00-05:00,86.8489990234375,86.8489990234375,86.66999816894531,86.66999816894531,86.66999816894531,5002.0
2021-12-31 10:35:00-05:00,86.70500183105469,86.75,86.68000030517578,86.75,86.75,3576.0
2021-12-31 10:40:00-05:00,86.69000244140625,86.70999908447266,86.66999816894531,86.66999816894531,86.66999816894531,4351.0
2021-12-31 10:45:00-05:00,86.7300033569336,86.7699966430664,86.69000244140625,86.7699966430664,86.7699966430664,5335.0
2021-12-31 10:50:00-05:00,86.73989868164062,86.7699966430664,86.70999908447266,86.7300033569336,86.7300033569336,5191.0
2021-12-31 10:55:00-05:00,86.70999908447266,86.80999755859375,86.69000244140625,86.80899810791016,86.80899810791016,10520.0
2021-12-31 11:00:00-05:00,86.83000183105469,86.8499984741211,86.78500366210938,86.80999755859375,86.80999755859375,5263.0
2021-12-31 11:05:00-05:00,86.81800079345703,86.83999633789062,86.77999877929688,86.79989624023438,86.79989624023438,12909.0
2021-12-31 11:10:00-05:00,86.77999877929688,86.83999633789062,86.75,86.81500244140625,86.81500244140625,3607.0
2021-12-31 11:15:00-05:00,86.80999755859375,86.81919860839844,86.7300033569336,86.74500274658203,86.74500274658203,5805.0
2021-12-31 11:20:00-05:00,86.7300033569336,86.7300033569336,86.63999938964844,86.63999938964844,86.63999938964844,6848.0
2021-12-31 11:25:00-05:00,86.66899871826172,86.66899871826172,86.48680114746094,86.52999877929688,86.52999877929688,7982.0
2021-12-31 11:30:00-05:00,86.52999877929688,86.55999755859375,86.43000030517578,86.45500183105469,86.45500183105469,6640.0
2021-12-31 11:35:00-05:00,86.4374008178711,86.52999877929688,86.41000366210938,86.52999877929688,86.52999877929688,6219.0
2021-12-31 11:40:00-05:00,86.4800033569336,86.51899719238281,86.44999694824219,86.5,86.5,3736.0
2021-12-31 11:45:00-05:00,86.48870086669922,86.48999786376953,86.44999694824219,86.45999908447266,86.45999908447266,5572.0
2021-12-31 11:50:00-05:00,86.45999908447266,86.47000122070312,86.43000030517578,86.45999908447266,86.45999908447266,4456.0
2021-12-31 11:55:00-05:00,86.45999908447266,86.46980285644531,86.375,86.39600372314453,86.39600372314453,6944.0
2021-12-31 12:00:00-05:00,86.4000015258789,86.41000366210938,86.31999969482422,86.32499694824219,86.32499694824219,7548.0
2021-12-31 12:05:00-05:00,86.30500030517578,86.31999969482422,86.27999877929688,86.29000091552734,86.29000091552734,4739.0
2021-12-31 12:10:00-05:00,86.29000091552734,86.31999969482422,86.27999877929688,86.30500030517578,86.30500030517578,6935.0
2021-12-31 12:15:00-05:00,86.31999969482422,86.35900115966797,86.31500244140625,86.33999633789062,86.33999633789062,5232.0
2021-12-31 12:20:00-05:00,86.33999633789062,86.37999725341797,86.2699966430664,86.30500030517578,86.30500030517578,8165.0
2021-12-31 12:25:00-05:00,86.30000305175781,86.31109619140625,86.27999877929688,86.30000305175781,86.30000305175781,3900.0
2021-12-31 12:30:00-05:00,86.29000091552734,86.31999969482422,86.29000091552734,86.30999755859375,86.30999755859375,3131.0
2021-12-31 12:35:00-05:00,86.27999877929688,86.4000015258789,86.2699966430664,86.39949798583984,86.39949798583984,3631.0
2021-12-31 12:40:00-05:00,86.38999938964844,86.47000122070312,86.3550033569336,86.47000122070312,86.47000122070312,4936.0
2021-12-31 12:45:00-05:00,86.4446029663086,86.51000213623047,86.43000030517578,86.51000213623047,86.51000213623047,5322.0
2021-12-31 12:50:00-05:00,86.5199966430664,86.54000091552734,86.45999908447266,86.51000213623047,86.51000213623047,5503.0
2021-12-31 12:55:00-05:00,86.5,86.58000183105469,86.45999908447266,86.58000183105469,86.58000183105469,5074.0
2021-12-31 13:00:00-05:00,86.56500244140625,86.58999633789062,86.55999755859375,86.58599853515625,86.58599853515625,2493.0
2021-12-31 13:05:00-05:00,86.58999633789062,86.63999938964844,86.56999969482422,86.6050033569336,86.6050033569336,6944.0
2021-12-31 13:10:00-05:00,86.6050033569336,86.66000366210938,86.6050033569336,86.63999938964844,86.63999938964844,2532.0
2021-12-31 13:15:00-05:00,86.63040161132812,86.63999938964844,86.52999877929688,86.53500366210938,86.53500366210938,5869.0
2021-12-31 13:20:00-05:00,86.55000305175781,86.58000183105469,86.52999877929688,86.54000091552734,86.54000091552734,4210.0
2021-12-31 13:25:00-05:00,86.55999755859375,86.5999984741211,86.55999755859375,86.57530212402344,86.57530212402344,7174.0
2021-12-31 13:30:00-05:00,86.58999633789062,86.63999938964844,86.58999633789062,86.61150360107422,86.61150360107422,9745.0
2021-12-31 13:35:00-05:00,86.61499786376953,86.68000030517578,86.61000061035156,86.6698989868164,86.6698989868164,4313.0
2021-12-31 13:40:00-05:00,86.68000030517578,86.68160247802734,86.6050033569336,86.6500015258789,86.6500015258789,5754.0
2021-12-31 13:45:00-05:00,86.65019989013672,86.67500305175781,86.62999725341797,86.67500305175781,86.67500305175781,6094.0
2021-12-31 13:50:00-05:00,86.66999816894531,86.7249984741211,86.6500015258789,86.7249984741211,86.7249984741211,4895.0
2021-12-31 13:55:00-05:00,86.73999786376953,86.7699966430664,86.69999694824219,86.74500274658203,86.74500274658203,18176.0
2021-12-31 14:00:00-05:00,86.7699966430664,86.83000183105469,86.73999786376953,86.8021011352539,86.8021011352539,6726.0
2021-12-31 14:05:00-05:00,86.83000183105469,86.9000015258789,86.83000183105469,86.87000274658203,86.87000274658203,9155.0
2021-12-31 14:10:00-05:00,86.9000015258789,86.91000366210938,86.87000274658203,86.87999725341797,86.87999725341797,4929.0
2021-12-31 14:15:00-05:00,86.87000274658203,86.9000015258789,86.8499984741211,86.9000015258789,86.9000015258789,6294.0
2021-12-31 14:20:00-05:00,86.875,86.94999694824219,86.86000061035156,86.86000061035156,86.86000061035156,4624.0
2021-12-31 14:25:00-05:00,86.87999725341797,86.88999938964844,86.83999633789062,86.86000061035156,86.86000061035156,5494.0
2021-12-31 14:30:00-05:00,86.88999938964844,86.91000366210938,86.87000274658203,86.87999725341797,86.87999725341797,6343.0
2021-12-31 14:35:00-05:00,86.8499984741211,86.92269897460938,86.8499984741211,86.90499877929688,86.90499877929688,3592.0
2021-12-31 14:40:00-05:00,86.91999816894531,86.94999694824219,86.91999816894531,86.94000244140625,86.94000244140625,4684.0
2021-12-31 14:45:00-05:00,86.94999694824219,86.95999908447266,86.88999938964844,86.93000030517578,86.93000030517578,6909.0
2021-12-31 14:50:00-05:00,86.91000366210938,86.94000244140625,86.91000366210938,86.94000244140625,86.94000244140625,3475.0
2021-12-31 14:55:00-05:00,86.9395980834961,86.94999694824219,86.9000015258789,86.94999694824219,86.94999694824219,8421.0
2021-12-31 15:00:00-05:00,86.94999694824219,86.97000122070312,86.93000030517578,86.97000122070312,86.97000122070312,18473.0
2021-12-31 15:05:00-05:00,86.95999908447266,86.98899841308594,86.94000244140625,86.9800033569336,86.9800033569336,7917.0
2021-12-31 15:10:00-05:00,86.97000122070312,87.0,86.95999908447266,86.95999908447266,86.95999908447266,17094.0
2021-12-31 15:15:00-05:00,86.94999694824219,87.05999755859375,86.94000244140625,87.0199966430664,87.0199966430664,73174.0
2021-12-31 15:20:00-05:00,87.02999877929688,87.17500305175781,87.01000213623047,87.16999816894531,87.16999816894531,25947.0
2021-12-31 15:25:00-05:00,87.16999816894531,87.33000183105469,87.16999816894531,87.30010223388672,87.30010223388672,23794.0
2021-12-31 15:30:00-05:00,87.31999969482422,87.41999816894531,87.29000091552734,87.41999816894531,87.41999816894531,33373.0
2021-12-31 15:35:00-05:00,87.41000366210938,87.5,87.375,87.5,87.5,28449.0
2021-12-31 15:40:00-05:00,87.48999786376953,87.49500274658203,87.37999725341797,87.41999816894531,87.41999816894531,31741.0
2021-12-31 15:45:00-05:00,87.43000030517578,87.44000244140625,87.31999969482422,87.31999969482422,87.31999969482422,34418.0
2021-12-31 15:50:00-05:00,87.31999969482422,87.37999725341797,87.16000366210938,87.19999694824219,87.19999694824219,55635.0
2021-12-31 15:55:00-05:00,87.19000244140625,87.23999786376953,87.13999938964844,87.16000366210938,87.16000366210938,112574.0
